"fips","POPPCT_URB"
"01001",0.864210858953665
"01003",0.927690838085098
"01005",0.769690952961557
"01007",0.874914376851554
"01009",0.561739035763013
"01011",0.973722579436757
"01013",0.872001338843953
"01015",0.814310254968024
"01017",0.811371099094744
"01019",0.572321113239051
"01021",0.712206884577297
"01023",0.655400738062752
"01025",0.776423686573956
"01027",0.601337672216921
"01029",0.692203930219636
"01031",0.936525485995009
"01033",0.8431294038504
"01035",0.860570930050942
"01037",0.859971395816087
"01039",0.778500522156875
"01041",0.719453767036624
"01043",0.642585928711112
"01045",0.919418874889426
"01047",0.885523229534093
"01049",0.408616019550245
"01051",0.774796435792956
"01053",0.797986310820567
"01055",0.801216620258568
"01057",0.810486898112873
"01059",0.716394022745848
"01061",0.568991562899924
"01063",0.701368550336152
"01065",0.667301309434569
"01067",0.706432065071622
"01069",0.951411022162034
"01071",0.624023819772243
"01073",0.974247815836615
"01075",0.606725362082096
"01077",0.823576497699842
"01079",0.585240577746001
"01081",0.914632222617805
"01083",0.747838783479194
"01085",0.851472064895953
"01087",0.965822558083604
"01089",0.941245504790211
"01091",0.847632096522077
"01093",0.519357021277263
"01095",0.704266835785783
"01097",0.939826031555653
"01099",0.729644687027596
"01101",0.989250245286256
"01103",0.832486358889494
"01105",0.682553296561497
"01107",0.599649441959476
"01109",0.914204677173926
"01111",0.676880027098951
"01113",0.930225551301882
"01115",0.662285423070479
"01117",0.917970085955334
"01119",0.570117089045038
"01121",0.757057358242341
"01123",0.689625200970527
"01125",0.941191460856467
"01127",0.686775035868858
"01129",0.833716626746467
"01131",0.670160125262836
"01133",0.564167114852156
"04001",0.932380924659177
"04003",0.890580343526027
"04005",0.953081161122389
"04007",0.878562597094554
"04009",0.872267306023458
"04011",0.953352294440063
"04012",0.865630987221049
"04013",0.991838107085206
"04015",0.947529559656788
"04017",0.961381157696376
"04019",0.980469943238791
"04021",0.940749017735886
"04023",0.918154577076597
"04025",0.896209925204919
"04027",0.971852274098135
"05001",0.941152115653129
"05003",0.911854173929974
"05005",0.762735671182466
"05007",0.913184686720802
"05009",0.715950485515353
"05011",0.920987645188524
"05013",0.588780340095394
"05015",0.749803549778176
"05017",0.825595692403032
"05019",0.825441670460522
"05021",0.829773727841634
"05023",0.725368410365896
"05025",0.73390426099191
"05027",0.829215760802427
"05029",0.906718268757337
"05031",0.872245999489144
"05033",0.791814993510008
"05035",0.964624540515045
"05037",0.898654827523791
"05039",0.92390447957013
"05041",0.957325415563595
"05043",0.955261718617043
"05045",0.893788069252976
"05047",0.670733400288415
"05049",0.544483080257049
"05051",0.83545208224385
"05053",0.892862508753491
"05055",0.881188933344278
"05057",0.94795253532403
"05059",0.791931133479688
"05061",0.781230020548531
"05063",0.693006258942822
"05065",0.366106719787169
"05067",0.722778890837612
"05069",0.914632399760438
"05071",0.616740980292229
"05073",0.583720440588158
"05075",0.819920865578989
"05077",0.902366184456272
"05079",0.603467605929505
"05081",0.842781574427664
"05083",0.776228714550797
"05085",0.860792345435848
"05087",0.748960099808012
"05089",0.340726047096045
"05091",0.853998590660081
"05093",0.91151546022456
"05095",0.731035060639842
"05097",0.126822569949448
"05099",0.929371869949568
"05101",0.700975020918247
"05103",0.803626009561937
"05105",0.761864490161098
"05107",0.825615188054182
"05109",0.442745039501499
"05111",0.809520424771843
"05113",0.741737941797723
"05115",0.745596987432526
"05117",0.783178574141603
"05119",0.974646449280122
"05121",0.902618969911648
"05123",0.876881735263797
"05125",0.880931932199177
"05127",0.893319973176429
"05129",0.531079071057872
"05131",0.937487723190227
"05133",0.937982030119414
"05135",0.667112813635245
"05137",0.43636479844929
"05139",0.835985714159218
"05141",0.624494342184082
"05143",0.93916564721539
"05145",0.831090222353459
"05147",0.60343332405572
"05149",0.629291416039278
"06001",0.999644778549237
"06003",0.428933850215084
"06005",0.804090878536837
"06007",0.961665747319543
"06009",0.713313021550851
"06011",0.942509218538752
"06013",0.998233591855414
"06015",0.939088756826021
"06017",0.941953122214721
"06019",0.983200730757809
"06021",0.90799723205497
"06023",0.979456272319149
"06025",0.912418825307482
"06027",0.936068372672657
"06029",0.962111650624716
"06031",0.980101295190395
"06033",0.877856173731792
"06035",0.585574964543053
"06037",0.998557426604955
"06039",0.89382851875313
"06041",0.974665899337928
"06043",0.782837223065345
"06045",0.907142168056935
"06047",0.975429854303902
"06049",0.926439239397507
"06051",0.959567310254739
"06053",0.980671896726929
"06055",0.980049607537028
"06057",0.897169233635591
"06059",0.999850446075247
"06061",0.968092275898321
"06063",0.661509079439736
"06065",0.984270555516673
"06067",0.992577896940554
"06069",0.92713709484084
"06071",0.987361812941549
"06073",0.99135991811985
"06075",0.999938477072169
"06077",0.987196651035448
"06079",0.967708724487129
"06081",0.997689127281969
"06083",0.990874635276338
"06085",0.99873643274033
"06087",0.987148941920528
"06089",0.9740627276584
"06091",0.474847912288208
"06093",0.724099387161283
"06095",0.99192184464585
"06097",0.99416928260522
"06099",0.99265595791685
"06101",0.960828782660033
"06103",0.949393719941927
"06105",0.186709503028054
"06107",0.973482132308777
"06109",0.767228118451762
"06111",0.991706576202729
"06113",0.982618886908524
"06115",0.946060497071561
"08001",0.991774138255362
"08003",0.997383039769766
"08005",0.994903629536333
"08007",0.963283378221165
"08009",0.675933828718028
"08011",1
"08013",0.98947121370944
"08014",0.998708394935854
"08015",0.952946276817868
"08017",0.997043285888242
"08019",0.409593979873601
"08021",0.388547517440648
"08023",0.659234834487019
"08025",0.66098645658085
"08027",0.769771032156058
"08029",0.885563512689454
"08031",1
"08033",0.510619929873759
"08035",0.971235555391057
"08037",0.986168178023095
"08039",0.917642885968691
"08041",0.960051464165507
"08043",0.982681409614758
"08045",0.986407673323244
"08047",0.56809856400626
"08049",0.674027047442404
"08051",0.799752821746053
"08053",0.245382573686466
"08055",0.914808682518975
"08057",0.804481570598238
"08059",0.973649794654517
"08061",0.741803001159622
"08063",0.99883667439465
"08065",0.928561087233284
"08067",0.935305879971029
"08069",0.955610000767235
"08071",0.963451580506415
"08073",0.805233132853116
"08075",0.988020143137195
"08077",0.994090069772351
"08079",1
"08081",0.998453450882837
"08083",0.93161566489461
"08085",0.931331863018694
"08087",0.939276588162302
"08089",0.893971629821668
"08091",0.316363328972868
"08093",0.819883782696041
"08095",0.531578000368442
"08097",0.929096404346119
"08099",0.969775029946186
"08101",0.97908830898888
"08103",0.492763838092666
"08105",0.854328954503619
"08107",0.905854340343038
"08109",0.47641510729775
"08111",0.123087398220318
"08113",0.149747279284276
"08115",0.538136205735186
"08117",0.854441883852262
"08119",0.683661339388888
"08121",0.903248379638486
"08123",0.9530431891844
"08125",0.834912445270175
"09001",0.985315737089279
"09003",0.987033238092267
"09005",0.888205541702544
"09007",0.93733750418541
"09009",0.989008060684538
"09011",0.939850839970489
"09013",0.8532939399417
"09015",0.847706795754126
"10001",0.920199652282136
"10003",0.986337239644279
"10005",0.852038482293845
"11001",0.999978487013833
"12001",0.950967246159673
"12003",0.903243210781548
"12005",0.9782207389152
"12007",0.755193426888035
"12009",0.989234886653201
"12011",0.999987575540503
"12013",0.965227639027562
"12015",0.983052984075345
"12017",0.904137346257186
"12019",0.968748137295619
"12021",0.993346338319724
"12023",0.83254127830057
"12027",0.894859246149913
"12029",0.824221643655624
"12031",0.995597050910742
"12033",0.995536713082934
"12035",0.965547175917511
"12037",0.73375525863834
"12039",0.858022360578588
"12041",0.794873585053566
"12043",0.918639465624826
"12045",0.549375751892378
"12047",0.892951156300339
"12049",0.956209762563456
"12051",0.97894522309232
"12053",0.945320817508231
"12055",0.950990918876344
"12057",0.992705306280714
"12059",0.968368998062227
"12061",0.986398376677261
"12063",0.790305566717532
"12065",0.783759951702217
"12067",0.576810326761826
"12069",0.94897448242643
"12071",0.987281647707611
"12073",0.98961619070027
"12075",0.642733479293667
"12077",0.595610078245124
"12079",0.917083030425863
"12081",0.992750502434285
"12083",0.898389580427405
"12085",0.980349838309042
"12086",0.999343318668026
"12087",0.975399597719103
"12089",0.912955766202819
"12091",0.982975769023165
"12093",0.961233771677295
"12095",0.994229229616261
"12097",0.983063774088559
"12099",0.997440160030152
"12101",0.97709186305626
"12103",0.999501212659201
"12105",0.968320261420708
"12107",0.844650576093097
"12109",0.925079210067995
"12111",0.98957529519947
"12113",0.96331608084382
"12115",0.989200764111239
"12117",0.994234650726822
"12119",0.888830272295122
"12121",0.827284838107509
"12123",0.824476978858343
"12125",0.821731306840276
"12127",0.968664589259005
"12129",0.978685423527551
"12131",0.836723234369163
"12133",0.807647051104863
"13001",1
"13003",0.700998934505332
"13005",1
"13007",0.806962670016693
"13009",0.900180053994314
"13011",0.676168975105923
"13013",0.884106553409153
"13015",0.883729639496368
"13017",0.976082389789868
"13019",0.917849905444166
"13021",0.948108681972631
"13023",1
"13025",0.624715757166386
"13027",0.927476638793584
"13029",0.978866050310591
"13031",0.980030209977153
"13033",0.972028860692179
"13035",0.741684789952494
"13037",0.454906436560719
"13039",0.974126606166751
"13043",0.965644050527322
"13045",0.837063323117508
"13047",0.91805184170893
"13049",0.986105013138799
"13051",0.999437639927191
"13053",0.925499785097586
"13055",0.760554452605916
"13057",0.946397477167349
"13059",0.972845088412109
"13061",0.618436330479206
"13063",0.997787945829548
"13065",0.977305066294977
"13067",0.999406835324934
"13069",0.903774562191975
"13071",0.932205873865213
"13073",0.995802042371664
"13075",0.989942828356744
"13077",0.871487943592787
"13079",0.690842537969459
"13081",0.986949468096316
"13083",0.767717265911038
"13085",0.741032603925673
"13087",0.985871585442518
"13089",0.999830276926552
"13091",0.942030655488526
"13093",0.958524624353146
"13095",0.997130997931704
"13097",0.951711116062849
"13099",0.968320154999386
"13101",0.962251552774579
"13103",0.99748894952261
"13105",0.75871513277505
"13107",0.88930255850248
"13109",0.994537482028858
"13111",0.194484144656095
"13113",0.944490768188577
"13115",0.842956308481402
"13117",0.967754838229806
"13119",0.590479303780456
"13121",0.998623052811059
"13123",0.573702750185102
"13125",0.873197374866677
"13127",0.966161636791005
"13129",0.793355501387859
"13131",0.989239688214998
"13133",0.646115797723002
"13135",0.999305430119466
"13137",0.658807683239589
"13139",0.913509231989695
"13141",0.946022083577463
"13143",0.763326337677095
"13145",0.62323649484406
"13147",0.744613958938754
"13149",0.803581983186779
"13151",0.950305348407638
"13153",0.994665357445121
"13155",0.992553010409799
"13157",0.766466068603087
"13159",0.879968531344077
"13161",0.985880292205025
"13163",0.854543024162934
"13165",1
"13167",0.91516506433384
"13169",0.787118804786923
"13171",0.820050104022786
"13173",0.984826105324962
"13175",0.989906453312171
"13177",0.989428888065528
"13179",0.999208174234923
"13181",0.74748280179924
"13183",0.918321634761792
"13185",0.981671260631749
"13187",0.608932715451793
"13189",0.950637963660702
"13191",0.966524390363679
"13193",0.908836410492333
"13195",0.547394944615372
"13197",0.726871310201943
"13199",0.834400488559468
"13201",0.734513530851798
"13205",0.964120201298595
"13207",0.746920358682908
"13209",0.684696778008062
"13211",0.894847690306914
"13213",0.608938190163516
"13215",0.997377611719066
"13217",0.88875841906091
"13219",0.819692740362521
"13221",0.698561016723368
"13223",0.926866801263936
"13225",0.963840891347869
"13227",0.765177450051252
"13229",0.973594472682152
"13231",0.693140466910264
"13233",0.831029154336657
"13235",0.878208886152196
"13237",0.647127118560668
"13239",0.989756086878445
"13241",0.482575061644011
"13243",0.93407309106092
"13245",0.988172851529404
"13247",0.967751724448286
"13249",0.772352164744472
"13251",0.946946615241579
"13253",0.985340260133102
"13255",0.823226740209352
"13257",0.682069790644675
"13259",0.688152464402786
"13261",0.947138652283821
"13263",0.851240756446584
"13265",0.890073183394911
"13267",0.847520161343198
"13269",0.67481051764567
"13271",0.955917398865242
"13273",0.958600552157091
"13275",0.986763407170947
"13277",0.995939973538852
"13279",0.995743123367473
"13281",0.10762915731039
"13283",0.995761788541925
"13285",0.818571572173808
"13287",0.988126486050451
"13289",0.841474438871982
"13291",0.00669785788875947
"13293",0.851093439743686
"13295",0.861893800330927
"13297",0.885617054085679
"13299",0.993707284155656
"13301",0.671976031893595
"13303",0.873230489916615
"13305",0.970960706036464
"13307",0.884811531829412
"13309",0.55489504522633
"13311",0.522942912592177
"13313",0.87366360743106
"13315",0.552886759388534
"13317",0.953285657075231
"13319",0.58814547715373
"13321",0.984641820264607
"16001",0.987944001334316
"16003",0.652224659962758
"16005",0.958050213115964
"16007",0.580047457242087
"16009",0.933771113699325
"16011",0.814841495491224
"16013",0.979831316940438
"16015",0.806478506609918
"16017",0.823938711974918
"16019",0.960916799600602
"16021",0.871665096269009
"16023",0.914711076971088
"16025",0.99870551642457
"16027",0.957257135671849
"16029",0.928368103462377
"16031",0.917048461533276
"16033",0.947270210115371
"16035",0.974076545130048
"16037",0.667828172664385
"16039",0.964307668733115
"16041",0.810067597998139
"16043",0.794030896250369
"16045",0.937033458188033
"16047",0.895009788835007
"16049",0.799704534790918
"16051",0.65454875322642
"16053",0.843124155559948
"16055",0.927402097511598
"16057",0.935977088454407
"16059",0.971690552648645
"16061",0.609947579549195
"16063",0.800585171586156
"16065",0.92389560514433
"16067",0.932000492696605
"16069",0.972726573733823
"16071",0.762905426700796
"16073",0.967393843661426
"16075",0.967307944840655
"16077",0.969126430693872
"16079",0.812480727208112
"16081",0.453253411562646
"16083",0.966221376753767
"16085",0.635932616797615
"16087",0.978979232337507
"17001",0.967398573945035
"17003",0.931953688425351
"17005",0.894220775842077
"17007",0.964332377362463
"17009",0.985716553146544
"17011",0.754516022536955
"17013",0.905312362269869
"17015",0.548455426869621
"17017",0.756719532035485
"17019",0.968209182162472
"17021",0.810294016247975
"17023",0.906717811580803
"17025",0.84737286375008
"17027",0.849546685276799
"17029",0.980598679836206
"17031",0.999912690680639
"17033",0.816737225030679
"17035",0.276846965222651
"17037",0.944065988226362
"17039",0.841009687281313
"17041",0.712195793297463
"17043",1
"17045",0.876152608362313
"17047",0.255146830804274
"17049",0.843145924423476
"17051",0.801650591254981
"17053",0.915369354412583
"17055",0.852116617372252
"17057",0.705714073141274
"17059",0.305339157712879
"17061",0.832148577396152
"17063",0.943854422107462
"17065",0.951111597531556
"17067",0.773417066818223
"17069",0.1264623193026
"17071",0.40712069047144
"17073",0.790413566355329
"17075",0.742456903696996
"17077",0.925202182646069
"17079",1
"17081",0.872821570186116
"17083",0.928024380237968
"17085",0.718835865596558
"17087",0.177992635760211
"17089",0.993774927196955
"17091",0.951806657050607
"17093",0.984533472708328
"17095",0.969373156317146
"17097",0.999015242936247
"17099",0.918931437965908
"17101",0.768264077795653
"17103",0.815857913537671
"17105",0.882168811540829
"17107",0.88515799285007
"17109",0.93703224692506
"17111",0.986105852436547
"17113",0.948621831243618
"17115",0.954813086849876
"17117",0.826863329344044
"17119",0.984875041086135
"17121",0.918514837668693
"17123",0.224396203357431
"17125",0.632419775842179
"17127",0.985691198730975
"17129",0.638397111863066
"17131",0.685917618184824
"17133",0.981102451053516
"17135",0.918622609972887
"17137",0.905346706234816
"17139",0.661428668862189
"17141",0.853895269348181
"17143",0.970461748506162
"17145",0.959105868288399
"17147",0.663800803002929
"17149",0.737129864813654
"17151",0.0791394784167986
"17153",0.375587702635931
"17155",0.248005863101969
"17157",0.913573518974327
"17159",0.969004937896035
"17161",0.987394330985103
"17163",0.985109113375182
"17165",0.897295183270298
"17167",0.971268913291292
"17169",0.963497934298619
"17171",0.431852701283555
"17173",0.639800248960045
"17175",0.356962231164762
"17177",0.886416105326755
"17179",0.942705840048231
"17181",0.931735961210819
"17183",0.921381426340493
"17185",0.935063212189596
"17187",0.887463547308605
"17189",0.867237674564609
"17191",0.873304118417066
"17193",0.816980630053342
"17195",0.906606010459561
"17197",0.996561369943462
"17199",0.962604889627528
"17201",0.978319567586896
"17203",0.803752295108219
"18001",0.962522959156972
"18003",0.977400501993789
"18005",0.915109753705166
"18007",0.572076027817078
"18009",0.878082909949399
"18011",0.941507537046587
"18013",0.801213488399097
"18015",0.774781800262675
"18017",0.908780189565842
"18019",0.967839157868371
"18021",0.861526353294406
"18023",0.906063692018603
"18025",0.817147620044432
"18027",0.921324275367288
"18029",0.856070515645831
"18031",0.931891558224978
"18033",0.94831555030212
"18035",0.952275274363872
"18037",0.921266126191696
"18039",0.966930929471757
"18041",0.972104481963911
"18043",0.958673680663619
"18045",0.854493862289383
"18047",0.849887426948831
"18049",0.895762478385024
"18051",0.957592043371242
"18053",0.948155925925058
"18055",0.793951375093434
"18057",0.99557931497363
"18059",0.949514759112327
"18061",0.841770321156697
"18063",0.969062503487484
"18065",0.921273368139991
"18067",0.964638138366927
"18069",0.878573839210364
"18071",0.949332653412518
"18073",0.876022671082896
"18075",0.957428729607363
"18077",0.9719333229809
"18079",0.937461306489238
"18081",0.983278417975758
"18083",0.938550295602438
"18085",0.895201477747845
"18087",0.755467249323224
"18089",0.990088846138609
"18091",0.927577262177614
"18093",0.866328412012383
"18095",0.946431290791148
"18097",0.998638021958389
"18099",0.801543770849662
"18101",0.922609734803669
"18103",0.918724585707804
"18105",0.961511880092386
"18107",0.893688186697266
"18109",0.887261807328472
"18111",0.803384859328828
"18113",0.790982338051904
"18115",0.595488107388663
"18117",0.708986517401622
"18119",0.753979375711671
"18121",0.884893603700893
"18123",0.90391528424985
"18125",0.519691510483889
"18127",0.933770914678159
"18129",0.887051993749812
"18131",0.904113723543972
"18133",0.852897871506449
"18135",0.877579103330446
"18137",0.764462287858755
"18139",0.942508942630558
"18141",0.978621822248277
"18143",0.942461048247255
"18145",0.905532679510737
"18147",0.555722894070568
"18149",0.809579925882722
"18151",0.815642585331717
"18153",0.667586913350678
"18155",0.830166664935551
"18157",0.974119276415475
"18159",0.924595801605486
"18161",0.706274849506848
"18163",0.9964788091936
"18165",0.799059789404543
"18167",0.94550084595561
"18169",0.922234697803987
"18171",0.911256836811938
"18173",0.981581812217031
"18175",0.951284644112052
"18177",0.937486054773942
"18179",0.944328059785972
"18181",0.750458571505143
"18183",0.786096180320826
"19001",0.614908700484568
"19003",0.633459648378006
"19005",0.674554664601529
"19007",0.787530483568366
"19009",0.596060320990759
"19011",0.57361494600971
"19013",0.950404955914644
"19015",0.87004591231658
"19017",0.627290330617733
"19019",0.679407984470111
"19021",0.799520773263749
"19023",0.3335088807878
"19025",0.339678189099276
"19027",0.746788227739079
"19029",0.824055190095524
"19031",0.649130553097882
"19033",0.929667338378942
"19035",0.739625105090836
"19037",0.653681818065782
"19039",0.924754714214717
"19041",0.896939438319139
"19043",0.420127834150042
"19045",0.874063491900996
"19047",0.804781293249076
"19049",0.888379650073822
"19051",0.33223278819894
"19053",0.449937916500601
"19055",0.717692469606161
"19057",0.880974578942797
"19059",0.900562238198823
"19061",0.867061308370618
"19063",0.863763173205535
"19065",0.627015205498796
"19067",0.79651191183795
"19069",0.748541635788896
"19071",0.777691642571336
"19073",0.849476831517338
"19075",0.452876975832647
"19077",0.625727921326556
"19079",0.830462244424166
"19081",0.67629309368939
"19083",0.669818197938984
"19085",0.770797982991479
"19087",0.711599868699143
"19089",0.786455482519097
"19091",0.824960767896585
"19093",0.351837719126255
"19095",0.608256841276591
"19097",0.824202161476681
"19099",0.769608597777147
"19101",0.899401049769481
"19103",0.930118158877724
"19105",0.773173176608201
"19107",0.480761396787759
"19109",0.68650111187486
"19111",0.825822717270256
"19113",0.947735560191391
"19115",0.456244783286877
"19117",0.904833181937177
"19119",0.489875233723625
"19121",0.847376161115632
"19123",0.827408098717957
"19125",0.829578584156992
"19127",0.87346585166128
"19129",0.873750428754914
"19131",0.718233057236966
"19133",0.811553403556669
"19135",0.82837053116115
"19137",0.87642844490983
"19139",0.910688695844516
"19141",0.631022137069725
"19143",0.807504187054971
"19145",0.913827265826296
"19147",0.705004967746414
"19149",0.769728005348096
"19151",0.292934688208542
"19153",0.986498516168602
"19155",0.911209752388102
"19157",0.789642665752229
"19159",0.45563114116475
"19161",0.280548438506083
"19163",0.939380560189581
"19165",0.868054054009406
"19167",0.824412916444539
"19169",0.951027738676435
"19171",0.679917466968794
"19173",0.294808411724734
"19175",0.895148348209818
"19177",0.340609072245242
"19179",0.889383705810643
"19181",0.901824298051864
"19183",0.64206821374004
"19185",0.512316965128342
"19187",0.861846910314198
"19189",0.547544598592666
"19191",0.763673418237627
"19193",0.943687246341734
"19195",0.345211261614547
"19197",0.732413095933362
"20001",0.760203790955712
"20003",0.968390056267016
"20005",0.967082562578483
"20007",0.436020441659883
"20009",0.908460771051583
"20011",0.957109308485201
"20013",0.837829730448234
"20015",0.899090691858471
"20017",0.894833440637501
"20019",0.754555353019915
"20021",0.854602987190439
"20023",0.543771959170023
"20025",0.592919113715854
"20027",0.903714656045737
"20029",0.912932482957478
"20031",0.812450387914138
"20033",0.774406486477229
"20035",0.964481012873878
"20037",0.903080488333916
"20039",0.956689214372273
"20041",0.735031906815316
"20043",0.887489555193956
"20045",0.988338306667719
"20047",0.755886665240602
"20049",0.906412492137588
"20051",0.938036693273253
"20053",0.860899054250727
"20055",0.962434527659698
"20057",0.985092171121958
"20059",0.915996570909969
"20061",0.975234909524504
"20063",0.799983531415913
"20065",0.448681553340883
"20067",1
"20069",0.48520795032438
"20071",0.563406044535652
"20073",0.961909668235272
"20075",0.482814313485632
"20077",0.746032734643275
"20079",0.92194604396303
"20081",0.526202321526963
"20083",0.737421552855904
"20085",0.901435651940775
"20087",0.776468946732174
"20089",0.55244881627775
"20091",0.987330392021007
"20093",0.489092942567073
"20095",0.95541091863513
"20097",0.562773405481193
"20099",0.813315038356822
"20101",0.696367070687401
"20103",0.950328031326423
"20105",0.674929441143018
"20107",0.833461722605594
"20109",1
"20111",0.957963018973074
"20113",0.893567844793056
"20115",0.839810931304758
"20117",0.823629238395067
"20119",0.488278455825653
"20121",0.939144215402624
"20123",0.927256596248628
"20125",0.84368763826543
"20127",0.690284074257148
"20129",0.544129152633871
"20131",0.768800107885809
"20133",0.895445399932009
"20135",0.623747423653427
"20137",0.884396356121415
"20139",0.786939741387266
"20141",0.462982648052719
"20143",0.539919388150824
"20145",0.986252885375888
"20147",0.928490436143374
"20149",0.831697373420205
"20151",0.977206961951064
"20153",0.455658695254069
"20155",0.928119117285094
"20157",0.442707856633942
"20159",0.778360660315044
"20161",0.961506623082208
"20163",0.418525133249823
"20165",0.559741695336428
"20167",0.967585954983984
"20169",0.981723153108135
"20171",1
"20173",0.984787709063395
"20175",0.994459314046314
"20177",0.940822523869841
"20179",0.447003619580437
"20181",0.999683885203138
"20183",0.428241830813031
"20185",0.502971987342719
"20187",0.478504889547167
"20189",0.999469866225106
"20191",0.854775994238357
"20193",0.998661480070399
"20195",0.677019076323916
"20197",0.787065636059319
"20199",0.781103766266846
"20201",0.678851299454091
"20203",0.550472657106966
"20205",0.669233846244872
"20207",0.490805312124736
"20209",0.980191758085693
"21001",0.677878601893864
"21003",0.612525736200923
"21005",0.921764636400859
"21007",0.445076460907616
"21009",0.668734582692342
"21011",0.563511687238426
"21013",0.702542772528809
"21015",0.935874787821976
"21017",0.86367391025654
"21019",0.942232000091932
"21021",0.830422762587188
"21023",0.719351304783647
"21025",0.96395928212597
"21027",0.742372680044702
"21029",0.873419887454229
"21031",0.487246248869957
"21033",0.855756853773992
"21035",0.903154836915179
"21037",0.92870771149016
"21039",0.48983043442035
"21041",0.821950774897637
"21043",0.70342907452468
"21045",0.578796460237112
"21047",0.892674581631723
"21049",0.979177999186597
"21051",0.576182456627695
"21053",0.261630957081216
"21055",0.836479048045062
"21057",0.338863164510737
"21059",0.921746031336247
"21061",0.266517957682942
"21063",0.390899293146043
"21065",0.818644117363214
"21067",0.992649831662268
"21069",0.701898855995176
"21071",0.678273014013696
"21073",0.874005118850867
"21075",0.625145074288181
"21077",0.5493462880053
"21079",0.663948083164051
"21081",0.700866331847192
"21083",0.749517144557221
"21085",0.674721277993913
"21087",0.493118271644369
"21089",0.929485324787057
"21091",0.59545941733715
"21093",0.860975535207524
"21095",0.840966142310009
"21097",0.782972828541885
"21099",0.589261465304743
"21101",0.938197053215935
"21103",0.701506669200002
"21105",0.463998776408738
"21107",0.804591196369696
"21109",0.412517117948032
"21111",0.996622112608253
"21113",0.910808341395269
"21115",0.916860928126273
"21117",0.965948407241707
"21119",0.210853807605451
"21121",0.669864174164438
"21123",0.772904877934428
"21125",0.678139554500519
"21127",0.908136287900975
"21129",0.373877543844173
"21131",0.00263855360858691
"21133",0.109821134142719
"21135",0.419733286152758
"21137",0.666919835592627
"21139",0.410808951811251
"21141",0.712836276437953
"21143",0.30828713018473
"21145",0.905913699482334
"21147",0.00369018571614768
"21149",0.474591599476792
"21151",0.892086554109249
"21153",0.215867825038706
"21155",0.776215686548177
"21157",0.414737873746767
"21159",0.406112900623355
"21161",0.767188629179931
"21163",0.609678810188095
"21165",0.424790224713284
"21167",0.802565156613183
"21169",0.38606939237153
"21171",0.399459607657412
"21173",0.801933719292893
"21175",0.340879699248378
"21177",0.65739102552492
"21179",0.809818602192592
"21181",0.637981887385398
"21183",0.709199346834238
"21185",0.899080548900775
"21187",0.824928097199958
"21189",0.466497708811768
"21191",0.670334856973558
"21193",0.873361373386866
"21195",0.7030340459245
"21197",0.841750999165805
"21199",0.76263333509587
"21201",0.872026940304569
"21203",0.707933466133989
"21205",0.519879284481157
"21207",0.195363165274012
"21209",0.854836462043097
"21211",0.867768303360494
"21213",0.884192064387176
"21215",0.629987461229014
"21217",0.731917327433291
"21219",0.653299131785562
"21221",0.730819338121465
"21223",0.65986301034562
"21225",0.749829277101247
"21227",0.852129824004478
"21229",0.85403550118318
"21231",0.793656210241478
"21233",0.434386931692869
"21235",0.622340607651745
"21237",0.487776034128288
"21239",0.864573663449422
"22001",0.874531187314029
"22003",0.822679033944621
"22005",0.950490948455643
"22007",0.871825715565943
"22009",0.843044108985151
"22011",0.943140592587822
"22013",0.945183320277032
"22015",0.961323525609559
"22017",0.974421715144141
"22019",0.962194872576205
"22021",0.608376146240635
"22023",0.80113232648037
"22025",0.661812249411046
"22027",0.773623670924043
"22029",0.975672552849908
"22031",0.797032830169288
"22033",0.970804309038814
"22035",0.984735570782187
"22037",0.618944181069573
"22039",0.866101083098539
"22041",0.916360407918
"22043",0.820989891556225
"22045",0.875075789896851
"22047",0.732719761353696
"22049",0.944921450338114
"22051",0.998826341449777
"22053",0.941423361093269
"22055",0.961015329433595
"22057",0.932007670015069
"22059",0.8835016488515
"22061",0.920809269910422
"22063",0.835812249837815
"22065",0.997250335334454
"22067",0.94857831712347
"22069",0.915808600030846
"22071",0.99863630875351
"22073",0.986459574976211
"22075",0.971308902609154
"22077",0.891973213436889
"22079",0.935279766571829
"22081",0.778031752031021
"22083",0.942063939813259
"22085",0.872051466425952
"22087",0.981566468005812
"22089",0.954169668530428
"22091",0.895610398828816
"22093",0.932200220499381
"22095",0.975138036518632
"22097",0.820059195852142
"22099",0.796266433306641
"22101",0.966956341750573
"22103",0.916985737421809
"22105",0.897628250314932
"22107",0.642944317558965
"22109",0.956540025723454
"22111",0.880553970649121
"22113",0.813702167787361
"22115",0.978643352042582
"22117",0.893302579889782
"22119",0.931485994151392
"22121",0.897907096958184
"22123",0.638700543556536
"22125",0.576856364718041
"22127",0.882558913268336
"23001",0.891425574701669
"23003",0.997466109715798
"23005",0.852596788319841
"23007",0.607348376996563
"23009",0.62879337311445
"23011",0.714264411537393
"23013",0.581844140580501
"23015",0.437358865092891
"23017",0.678370304860854
"23019",0.878181791059091
"23021",0.482780850148995
"23023",0.820268771432593
"23025",0.666081394667974
"23027",0.526258935264069
"23029",0.670477329452152
"23031",0.67640525508085
"24001",0.951971684061652
"24003",0.985342346022621
"24005",0.98206776908034
"24009",0.864054931532759
"24011",0.799070056684303
"24013",0.865049690794606
"24015",0.878096639298132
"24017",0.93783925516994
"24019",0.890445901397094
"24021",0.952457366363033
"24023",0.915199734970495
"24025",0.941010524766046
"24027",0.968731268657958
"24029",0.927625445745757
"24031",0.995531338399305
"24033",0.997775802786612
"24035",0.927358897456554
"24037",0.841043190324686
"24039",0.986851487446496
"24041",0.93046672451873
"24043",0.932236694325875
"24045",0.975853056159126
"24047",0.959095148057312
"24510",0.99997749318459
"25001",0.982603621635504
"25003",0.951562684462122
"25005",0.986848887440906
"25007",0.886078185989702
"25009",0.994491846075367
"25011",0.856566359240283
"25013",0.979392000103454
"25015",0.905794029622089
"25017",0.996855470460949
"25019",0.990550926632839
"25021",0.999621650517496
"25023",0.980010107688976
"25025",0.999932087390722
"25027",0.961848550004639
"26001",0.984395931798724
"26003",0.969681370814166
"26005",0.764724519790692
"26007",0.988468916764099
"26009",0.898255825017049
"26011",0.653397234631893
"26013",0.926071075359794
"26015",0.701758097526127
"26017",0.927748418072267
"26019",0.661887779167208
"26021",0.874658127428058
"26023",0.77535741569738
"26025",0.91155196963789
"26027",0.726484757713844
"26029",0.94374207359242
"26031",0.974660580317595
"26033",0.982961148060857
"26035",0.841040011421603
"26037",0.814931600317975
"26039",0.971010704929446
"26041",0.97651283918273
"26043",0.999672781030022
"26045",0.893978074588185
"26047",0.936367268249302
"26049",0.95621379473549
"26051",0.750017908347828
"26053",0.972265533023496
"26055",0.833875316217059
"26057",0.802621333655743
"26059",0.794590021103785
"26061",0.969958107764637
"26063",0.733306248855985
"26065",0.961303024625576
"26067",0.775532540703783
"26069",0.945286420911769
"26071",0.971100610355346
"26073",0.868240270815118
"26075",0.832746363450607
"26077",0.939746828346447
"26079",0.976172348823095
"26081",0.959306171150308
"26083",0.900923173985428
"26085",0.761525800443491
"26087",0.655565011846761
"26089",0.806020627978861
"26091",0.794701425468838
"26093",0.876090347576442
"26095",0.99836667484181
"26097",0.970162888901124
"26099",0.99203683937
"26101",0.924000299006244
"26103",0.989538704544888
"26105",0.814033887144597
"26107",0.809783602543447
"26109",0.927360940504808
"26111",0.888230738308822
"26113",0.791774395131983
"26115",0.887329839994488
"26117",0.606091968459443
"26119",0.99876727966995
"26121",0.952284861244043
"26123",0.788634214552833
"26125",0.98885098528975
"26127",0.632515982349309
"26129",0.857772707495382
"26131",0.946725934343582
"26133",0.620401455814886
"26135",0.96713769184773
"26137",0.981831368990215
"26139",0.940510935561398
"26141",0.997086279370393
"26143",0.792341632373202
"26145",0.884960706488505
"26147",0.880065267302929
"26149",0.802500050065522
"26151",0.733113810585524
"26153",0.994535516464473
"26155",0.786037302449518
"26157",0.690602997528746
"26159",0.695313304494497
"26161",0.955181966099806
"26163",0.997484402149827
"26165",0.860486026757118
"27001",0.399018603128262
"27003",0.955707034924103
"27005",0.897234925641492
"27007",0.973257385244494
"27009",0.882384657970676
"27011",0.314579713357017
"27013",0.920898146697384
"27015",0.899089189036313
"27017",0.979189958758932
"27019",0.954353496834589
"27021",0.525054998749044
"27023",0.848031937874915
"27025",0.828697924358525
"27027",0.947968579710175
"27029",0.58943064843087
"27031",0.550467187647635
"27033",0.710420291937991
"27035",0.930643586491706
"27037",0.98967736989587
"27039",0.855265243615512
"27041",0.857659652451633
"27043",0.585393040112969
"27045",0.485623658184399
"27047",0.883674267744721
"27049",0.913702818723402
"27051",0.326159795596932
"27053",0.994328846577702
"27055",0.805312595106286
"27057",0.957928627765943
"27059",0.880866453883971
"27061",0.75618941596016
"27063",0.74049153151622
"27065",0.836665323130964
"27067",0.888397083259171
"27069",0.520099057492079
"27071",0.99751675472449
"27073",0.388538865285714
"27075",0.810764939814293
"27077",0.947474762218707
"27079",0.850883711337019
"27081",0.437968356106829
"27083",0.817377024745989
"27085",0.887977201972823
"27087",0.609305180124131
"27089",0.90185718308377
"27091",0.798411262437043
"27093",0.857299591931683
"27095",0.802503785290381
"27097",0.775538730008537
"27099",0.896721705545388
"27101",0.469056084867369
"27103",0.943844372627694
"27105",0.887839808313327
"27107",0.729149648395849
"27109",0.945837993730719
"27111",0.842365798576608
"27113",0.993636823121077
"27115",0.642319336223977
"27117",0.839708259574831
"27119",0.932684020536415
"27121",0.331959800427134
"27123",0.999484475287365
"27125",0.615255126632833
"27127",0.694294654745879
"27129",0.404463955247661
"27131",0.963034282694482
"27133",0.907185865611778
"27135",0.954789367295176
"27137",0.966827531082204
"27139",0.952115392202489
"27141",0.838493394820566
"27143",0.783373540160098
"27145",0.86124879993567
"27147",0.918838394218862
"27149",0.896639264049554
"27151",0.718255530924891
"27153",0.789941480761031
"27155",0.402413561058489
"27157",0.792861686587082
"27159",0.822070903689846
"27161",0.842868326899912
"27163",0.961954368487888
"27165",0.734244904377657
"27167",0.96527416914122
"27169",0.917178875981058
"27171",0.918032012515336
"27173",0.625992392118908
"28001",0.861092637338325
"28003",0.611924194032552
"28005",0.672313709634186
"28007",0.806999850510082
"28009",0.725151423898102
"28011",0.795916046063352
"28013",0.345601957367952
"28015",0.647158910931384
"28017",0.597448031305773
"28019",0.39521066878636
"28021",0.583927868992198
"28023",0.350701644448288
"28025",0.873823928428923
"28027",0.899377742938649
"28029",0.852493530010968
"28031",0.338660509579449
"28033",0.95820741343929
"28035",0.914871271810075
"28037",0.293907872300987
"28039",0.598933682243805
"28041",0.75874821116062
"28043",0.827339122070877
"28045",0.805085512562481
"28047",0.878217917451808
"28049",0.980493350553191
"28051",0.606640402331107
"28053",0.850255416632901
"28055",0.83879561942858
"28057",0.462792378508678
"28059",0.929111154076389
"28061",0.448505553352047
"28063",0.528926845446668
"28065",0.543524781535824
"28067",0.754727853190812
"28069",0.589890628007528
"28071",0.816631763113183
"28073",0.749991922155899
"28075",0.88721602683013
"28077",0.523386860440419
"28079",0.688561690768522
"28081",0.784824902733293
"28083",0.967068092896142
"28085",0.650217859008789
"28087",0.818814374500691
"28089",0.94936232215027
"28091",0.639602136530876
"28093",0.756832277082231
"28095",0.722856743858317
"28097",0.798306713180063
"28099",0.634720704980195
"28101",0.506170923211606
"28103",0.761435157263401
"28105",0.927860104059638
"28107",0.724488596262422
"28109",0.641536295433416
"28111",0.37712281154922
"28113",0.649303697894777
"28115",0.457378348349989
"28117",0.621392355985867
"28119",0.846472316587421
"28121",0.905261067163852
"28123",0.79573505324319
"28125",0.576138436983437
"28127",0.705583059924334
"28129",0.585470966238251
"28131",0.554910126796261
"28133",0.825066896487453
"28135",0.716404896737614
"28137",0.807753642825424
"28139",0.548537025538495
"28141",0.254053053676305
"28143",0.89576388565127
"28145",0.514144737296264
"28147",0.298359415555025
"28149",0.87995088846715
"28151",0.979365063687117
"28153",0.758145581325664
"28155",0.346831279015806
"28157",0.633273871811139
"28159",0.797653146676896
"28161",0.543660677852136
"28163",0.964644585818873
"29001",0.97757380006997
"29003",0.836787371476153
"29005",0.726528231026542
"29007",0.952921048987576
"29009",0.825490268001507
"29011",0.895003558267985
"29013",0.905894831045315
"29015",0.695475370347343
"29017",0.687529274183403
"29019",0.986421226977208
"29021",0.973831194107216
"29023",0.884793233630841
"29025",0.821027891149849
"29027",0.870049145528812
"29029",0.692639858213907
"29031",0.944429449172626
"29033",0.934981875062562
"29035",0.382866603908277
"29037",0.952402624591556
"29039",0.834073450149975
"29041",0.637411712666213
"29043",0.851340635325562
"29045",0.545227264917921
"29047",0.985666095194013
"29049",0.802883342669714
"29051",0.940949344372781
"29053",0.929353434147753
"29055",0.810700861373394
"29057",0.724055331041794
"29059",0.968607710723992
"29061",0.716986962526867
"29063",0.88725133454091
"29065",0.969080967733487
"29067",0.999701799893207
"29069",0.802373096839273
"29071",0.879366713408005
"29073",0.8454735333336
"29075",0.514955817482582
"29077",0.983981259067653
"29079",0.991501186952952
"29081",0.905949303088912
"29083",0.943271538198388
"29085",0.70744846618791
"29087",0.59900946807664
"29089",0.924056263421822
"29091",0.845061695833094
"29093",0.805392478735194
"29095",0.992761798705387
"29097",0.920993880854814
"29099",0.950673443276703
"29101",0.919372171197546
"29103",0.639191776177623
"29105",0.916436869139644
"29107",0.900142129647228
"29109",0.84196856464486
"29111",0.45241780338731
"29113",0.792700962573645
"29115",0.758548165410952
"29117",0.976060953638042
"29119",0.583790349923839
"29121",0.824879221632085
"29123",0.892947633923715
"29125",0.627156912688436
"29127",0.979771904593106
"29129",0.518432059266164
"29131",0.867208438258394
"29133",0.92817483119045
"29135",0.983121309784046
"29137",0.604869088209213
"29139",0.875817707083789
"29141",0.544588461993556
"29143",0.803854224062376
"29145",0.715947227908946
"29147",0.955208558835963
"29149",0.873177822433349
"29151",0.664387236397746
"29153",0.861615476640343
"29155",0.826424051392202
"29157",0.926516123118661
"29159",0.924521253292566
"29161",0.938065617584633
"29163",0.961647031103218
"29165",0.968469893352113
"29167",0.896228039907084
"29169",0.905546851431652
"29171",0.506585609777919
"29173",0.755572135686016
"29175",0.91804324121055
"29177",0.890751906259452
"29179",0.724038144115185
"29181",0.487282370704056
"29183",0.991977873206756
"29185",0.634859483872049
"29186",0.910408590946046
"29187",0.85206886996765
"29189",0.999055520082801
"29195",0.892528678500489
"29197",0.479805816328219
"29199",0.536679211069785
"29201",0.870256953902003
"29203",0.566998870029937
"29205",0.561008706312995
"29207",0.72375470156876
"29209",0.513576378794632
"29211",0.493394258816649
"29213",0.844834111285037
"29215",0.530773745929125
"29217",0.923730898301988
"29219",0.868917029532108
"29221",0.870681004501018
"29223",0.470258267516252
"29225",0.84624691994277
"29227",0.683619020937247
"29229",0.867290186101519
"29510",0.999994182770924
"30001",0.900247710203704
"30003",0.887386248214705
"30005",0.630055623125829
"30007",0.620830546480059
"30009",0.725796089027478
"30011",0.843848833998372
"30013",0.956444212007348
"30015",0.898682409056239
"30017",1
"30019",0.41682542591168
"30021",0.993547369013105
"30023",0.854708889421669
"30025",0.449393749073859
"30027",0.975890507999247
"30029",0.755557257890597
"30031",0.898828229010825
"30033",0.579757916424011
"30035",0.897969043806803
"30037",0.978381612446176
"30039",0.715045854500848
"30041",0.981408588792948
"30043",0.521090737287559
"30045",0.88267961154349
"30047",0.461738984323447
"30049",0.88287875358638
"30051",0.73187181543054
"30053",0.409417814114174
"30055",0.775686491460639
"30057",0.637868257244106
"30059",0.833027518733681
"30061",0.189455721291145
"30063",0.956233040182834
"30065",0.869346911973308
"30067",0.943024773347593
"30069",1
"30071",0.412932803634557
"30073",0.873235270155956
"30075",0.689613106827403
"30077",0.862417859140442
"30079",0.710407058112771
"30081",0.414428884359016
"30083",0.920472723454241
"30085",0.90879045333605
"30087",0.424045869116468
"30089",0.33554106447155
"30091",0.410227267094882
"30093",0.975165774204559
"30095",0.727537907333838
"30097",0.754766380532004
"30099",0.747708828046369
"30101",0.910565311026096
"30103",0.888190966591758
"30105",0.947652243036399
"30107",0.618722119419252
"30109",0.458220965289162
"30111",0.973590202555004
"31001",0.978618618502475
"31003",0.346984590678373
"31005",1
"31007",0.99492748635167
"31009",1
"31011",0.470089108736803
"31013",0.974415880609538
"31015",0.528340928979913
"31017",0.304307090978339
"31019",0.923592776279975
"31021",0.804519066612011
"31023",0.943308665920119
"31025",0.807593838183807
"31027",0.687839811974387
"31029",0.319373934740649
"31031",0.990173083346847
"31033",0.991491161038929
"31035",0.398131358331503
"31037",0.934155401044664
"31039",0.882821293811347
"31041",0.914612456805009
"31043",0.96970209728207
"31045",0.929009792632968
"31047",0.973923311210967
"31049",0.477355802679851
"31051",0.572352859922378
"31053",0.935947996286748
"31055",0.994531333596113
"31057",0.865637594688516
"31059",0.700626298709649
"31061",0.597967512632206
"31063",0.605701564205499
"31065",0.55944825324588
"31067",0.906507932696512
"31069",1
"31071",0.315044443214106
"31073",0.562951053790218
"31075",1
"31077",0.679572649911147
"31079",0.967792789867415
"31081",0.889700693283733
"31083",0.450577199083106
"31085",0.921451814581813
"31087",0.498974543257599
"31089",0.926154385455778
"31091",0.620080752981806
"31093",0.498558449639091
"31095",0.960236297937012
"31097",0.784261985012563
"31099",0.899392590690507
"31101",0.980150688985681
"31103",0.834159622456478
"31105",0.562473660022864
"31107",0.434323935894198
"31109",0.98447669106204
"31111",0.977793757496214
"31113",1
"31115",1
"31117",1
"31119",0.891546320768083
"31121",0.892084310800743
"31123",0.561600573652228
"31125",0.425868016536594
"31127",0.924627878491368
"31129",0.436976160708927
"31131",0.914200167646035
"31133",0.85848723178995
"31135",0.667777050462589
"31137",0.906906739986266
"31139",0.453993882857617
"31141",0.897057191714665
"31143",0.697748165265437
"31145",0.976242777543665
"31147",0.88499482603283
"31149",1
"31151",0.827034191731084
"31153",0.987747095843119
"31155",0.899681964566308
"31157",0.960488368643926
"31159",0.85387016374548
"31161",0.58687528569101
"31163",0.666209698122551
"31165",0.983343213236403
"31167",0.740349676850518
"31169",0.564170851295083
"31171",1
"31173",0.535064618782524
"31175",0.376732284488588
"31177",0.843059621290881
"31179",0.876713497732066
"31181",0.513126239987074
"31183",1
"31185",0.903513647007833
"32001",0.942045668043294
"32003",0.996478282789622
"32005",0.892796571481326
"32007",0.915749947524822
"32009",0.959139323120352
"32011",0.820214062690032
"32013",0.943424893680374
"32015",1
"32017",0.934436428433824
"32019",0.883179622527646
"32021",0.984947256188825
"32023",0.944438413622628
"32027",0.609968108518274
"32029",0.903419921923757
"32031",0.989724047074308
"32033",0.918792179396504
"32510",0.990764064829886
"33001",0.70541324358848
"33003",0.653954034756658
"33005",0.713084677767301
"33007",0.930692212723866
"33009",0.845740002127284
"33011",0.927901913978731
"33013",0.789995254298188
"33015",0.905965496489289
"33017",0.863096765061158
"33019",0.858999450375418
"34001",0.966793415411682
"34003",0.999882854533778
"34005",0.987678376514156
"34007",0.996720649812529
"34009",0.953759423947783
"34011",0.928735867210418
"34013",0.999993858760479
"34015",0.991081543305241
"34017",0.999949999642101
"34019",0.857320914054962
"34021",0.995675094403241
"34023",0.999677561442626
"34025",0.992031908149712
"34027",0.988728107099921
"34029",0.992587257892416
"34031",0.994867507270289
"34033",0.872162058826793
"34035",0.996678389640539
"34037",0.855667832331753
"34039",0.999992299559949
"34041",0.877438355187569
"35001",0.986635471041068
"35003",0.989526725075472
"35005",0.94418214777459
"35006",0.900074899471469
"35007",0.865809273119849
"35009",0.983279035519922
"35011",0.643229464149503
"35013",0.928518368331299
"35015",0.951807093229972
"35017",0.891335241242661
"35019",0.998602659867944
"35021",1
"35023",0.386223201038847
"35025",0.942749742718243
"35027",0.834155472874438
"35028",0.913810958158096
"35029",0.850898737618794
"35031",0.893496779737194
"35033",0.95716557615309
"35035",0.933758127056276
"35037",0.976446136510589
"35039",0.815431832780248
"35041",0.96312722680088
"35043",0.964739022707026
"35045",0.950069995596043
"35047",0.857689270039091
"35049",0.887625018550156
"35051",0.941228077206809
"35053",0.920136637090211
"35055",0.673580367417232
"35057",0.86451074856682
"35059",0.369077726950633
"35061",0.969746263625842
"36001",0.981475996222453
"36003",0.471919075675586
"36005",0.999976792860821
"36007",0.938283408918627
"36009",0.702673458240639
"36011",0.751312709100698
"36013",0.812990229522996
"36015",0.94528888298784
"36017",0.466708840060117
"36019",0.702640113722493
"36021",0.537073515931306
"36023",0.877008841741519
"36025",0.55884495103201
"36027",0.895574314070804
"36029",0.98134576818845
"36031",0.621391181144365
"36033",0.834629459463061
"36035",0.812333988492673
"36037",0.811810652090378
"36039",0.557380210696826
"36041",0.722785073939364
"36043",0.793232179987402
"36045",0.813817246342101
"36047",0.999991386080976
"36049",0.451870771456333
"36051",0.727354827855746
"36053",0.746456484050484
"36055",0.988698965222161
"36057",0.901087628384969
"36059",0.999749346930461
"36061",0.999989566905106
"36063",0.94887860365482
"36065",0.89090098384903
"36067",0.967827766751399
"36069",0.810375447091546
"36071",0.931862986035064
"36073",0.874041431771141
"36075",0.731298407156322
"36077",0.623519096215844
"36079",0.96022562586423
"36081",0.999988138768804
"36083",0.902387255280779
"36085",0.999933385392191
"36087",0.996104874605024
"36089",0.881187168839447
"36091",0.928345037934696
"36093",0.985163790343964
"36095",0.514580039090135
"36097",0.494356760539366
"36099",0.658801727542459
"36101",0.728104730898295
"36103",0.988780479710407
"36105",0.578273813626879
"36107",0.697816477331249
"36109",0.794658939079765
"36111",0.776191138975851
"36113",0.902604816335863
"36115",0.643942169347302
"36117",0.73531951285826
"36119",0.993514814228197
"36121",0.802829880473362
"36123",0.614655480862885
"37001",0.883336904569556
"37003",0.67173801420279
"37005",0.493685456506231
"37007",0.8553280414122
"37009",0.678978163828785
"37011",0.347916760597906
"37013",0.776098973165741
"37015",0.868618356707269
"37017",0.663047151828806
"37019",0.853999235100383
"37021",0.891982097949353
"37023",0.771734774150296
"37025",0.93186304714344
"37027",0.831556565306682
"37029",0.869405167986914
"37031",0.886198619221744
"37033",0.827493809351906
"37035",0.837650231706736
"37037",0.890199933003527
"37039",0.0704022916002052
"37041",0.888260701030512
"37043",0.17618437442933
"37045",0.74500197376841
"37047",0.67617806539997
"37049",0.932640403673106
"37051",0.941012633739472
"37053",0.747685213457379
"37055",0.942055234470392
"37057",0.790520298612241
"37059",0.730626997051905
"37061",0.600984348229434
"37063",0.980161193896512
"37065",0.842992482610116
"37067",0.96542445917136
"37069",0.706126085922323
"37071",0.914966518779509
"37073",0.927735076981727
"37075",0.0266258389874289
"37077",0.862420617783645
"37079",0.58466744039082
"37081",0.946178236633402
"37083",0.796634045820523
"37085",0.763633098246056
"37087",0.7105465549017
"37089",0.83302750611686
"37091",0.837702826100735
"37093",0.812458396188167
"37095",0.630516265973515
"37097",0.83036400429708
"37099",0.490930347289577
"37101",0.780483693765625
"37103",0.834389497654688
"37105",0.813448856612319
"37107",0.810872069355104
"37109",0.748453470314564
"37111",0.583912376119921
"37113",0.369838987497492
"37115",0.548080761997535
"37117",0.712978120785322
"37119",0.996067874076928
"37121",0.583779131789366
"37123",0.803375584550189
"37125",0.820738005715361
"37127",0.819105098646583
"37129",0.995598469635964
"37131",0.766304068062172
"37133",0.894107657082628
"37135",0.909655579020604
"37137",0.608162045419978
"37139",0.883703950366713
"37141",0.7571590663977
"37143",0.835025904652626
"37145",0.766805268484599
"37147",0.912682403147708
"37149",0.589647213892139
"37151",0.780702223089253
"37153",0.841799725882963
"37155",0.681017763883356
"37157",0.728858963965517
"37159",0.844091619968356
"37161",0.741319534767648
"37163",0.722971980416038
"37165",0.7960660671343
"37167",0.75030262604422
"37169",0.716116980165755
"37171",0.614150691746157
"37173",0.132309974962238
"37175",0.75674297973431
"37177",0.774600742115257
"37179",0.912169397234663
"37181",0.774367295931178
"37183",0.976620617778952
"37185",0.77533108829537
"37187",0.824040512051336
"37189",0.765563853948563
"37191",0.762326867408544
"37193",0.602959504891731
"37195",0.845049881588203
"37197",0.645631430325214
"37199",0.236635699282914
"38001",0.330409855002503
"38003",0.937521694740363
"38005",0.174011340685837
"38007",0.704853961228146
"38009",0.474461769826804
"38011",0.277048769153073
"38013",0.448510160085009
"38015",0.935741471785867
"38017",0.970800125956547
"38019",0.316024198874402
"38021",0.396169811287901
"38023",0.416511430018147
"38025",0.600286956789674
"38027",0.306896595896294
"38029",0.735064635596019
"38031",0.291962721019094
"38033",0.371388731887165
"38035",0.951814604889064
"38037",0.812931023687379
"38039",0.543488310283765
"38041",0.406236250279782
"38043",0.807954192790678
"38045",0.359755932674849
"38047",0.60907403968511
"38049",0.54608027026266
"38051",0.346825756213763
"38053",0.349738102251678
"38055",0.541326083981706
"38057",0.667482419086122
"38059",0.919130420841898
"38061",0.463839032635483
"38063",0.577513888315922
"38065",0.821560343530515
"38067",0.357734368047861
"38069",0.970940012455413
"38071",0.891462524130485
"38073",0.716493105044441
"38075",0.587203777851113
"38077",0.871485547951888
"38079",0.130182775111461
"38081",0.658608127154292
"38083",0.846865437260577
"38085",0.552739845481002
"38087",0.803031977443013
"38089",0.913367283256152
"38091",0.911440093264614
"38093",0.936690672819659
"38095",0.260610714150184
"38097",0.727189291342809
"38099",0.759941632444821
"38101",0.924257671107623
"38103",0.353484902144396
"38105",0.889048255209571
"39001",0.678052726275245
"39003",0.921973835097016
"39005",0.817045596021977
"39007",0.871322661499724
"39009",0.878742948268758
"39011",0.904813524339015
"39013",0.73962020093419
"39015",0.748870815951783
"39017",0.981109775278638
"39019",0.839126827119562
"39021",0.772252850267253
"39023",0.917826101748268
"39025",0.942814112045204
"39027",0.858459695347628
"39029",0.856149696375957
"39031",0.858077157652098
"39033",0.92189194197212
"39035",0.999542167057805
"39037",0.75873977515704
"39039",0.935366266669485
"39041",0.959240289580724
"39043",0.900539014161318
"39045",0.902118880790937
"39047",0.907344895113069
"39049",0.997875855623138
"39051",0.813542499478373
"39053",0.759725937075757
"39055",0.827434244953666
"39057",0.960077489264995
"39059",0.796976564489378
"39061",0.995922797965489
"39063",0.918388594762276
"39065",0.852996212316108
"39067",0.730919540928931
"39069",0.736700561032931
"39071",0.796430929002888
"39073",0.854835941049335
"39075",0.587777299696412
"39077",0.831116981351235
"39079",0.783598840741686
"39081",0.862154397841643
"39083",0.834719543272434
"39085",0.986613270839082
"39087",0.979727719402523
"39089",0.921858170509555
"39091",0.822178825466102
"39093",0.985441012341129
"39095",0.982725743474437
"39097",0.866866986012122
"39099",0.958220633181537
"39101",0.927740201836835
"39103",0.93960012377425
"39105",0.831557716613376
"39107",0.761869873264724
"39109",0.902266602939424
"39111",0.397005930964383
"39113",0.991607545833236
"39115",0.869105655805521
"39117",0.725238559947904
"39119",0.840946531244506
"39121",0.917915598606853
"39123",0.802517187562986
"39125",0.664578373581306
"39127",0.744056538423342
"39129",0.860598975283963
"39131",0.788231915451955
"39133",0.920129997609414
"39135",0.77170094180289
"39137",0.598031927444137
"39139",0.891296174251228
"39141",0.810308296302288
"39143",0.846664877176323
"39145",0.850021588234703
"39147",0.872619451534552
"39149",0.831240140319503
"39151",0.964427264457411
"39153",0.992330640493168
"39155",0.915523500314167
"39157",0.871218201917129
"39159",0.863474337707915
"39161",0.87694681240391
"39163",0.644120564531605
"39165",0.962369548230216
"39167",0.848741489012642
"39169",0.824541114455797
"39171",0.731314931045337
"39173",0.901075398329492
"39175",0.881906175620289
"40001",0.601189524044954
"40003",0.385630045291499
"40005",0.33441320408784
"40007",0.706474151325849
"40009",0.972017616523536
"40011",0.863668904641101
"40013",0.665736610206186
"40015",0.768321971229793
"40017",0.936227153569806
"40019",0.725426261624773
"40021",0.69146868859575
"40023",0.784000960826691
"40025",0.729571028036171
"40027",0.948408743767277
"40029",0.335578330845416
"40031",0.913380976054906
"40033",0.83449197691237
"40035",0.810325969938638
"40037",0.753819235700849
"40039",0.901403595168817
"40041",0.498809698359963
"40043",0.426015532526833
"40045",0.594111819931453
"40047",0.920031903512518
"40049",0.739282776475743
"40051",0.782770589524228
"40053",0.67388621173409
"40055",0.735853179094912
"40057",0.397291391270043
"40059",0.367487154545825
"40061",0.716635633389941
"40063",0.792101257381215
"40065",0.945479995776757
"40067",0.501223260628271
"40069",0.277581406430418
"40071",0.919057225065813
"40073",0.877336015192512
"40075",0.741036192471003
"40077",0.75268931373067
"40079",0.615035776973856
"40081",0.710826521192573
"40083",0.818828847765974
"40085",0.547360141443637
"40087",0.736552105574076
"40089",0.769779274454467
"40091",0.579081300955622
"40093",0.523889200181119
"40095",0.58398145697906
"40097",0.586724430961508
"40099",0.820592322544098
"40101",0.813503975305489
"40103",0.838898503092504
"40105",0.900731950537692
"40107",0.82311025694299
"40109",0.982171209228903
"40111",0.845042122269885
"40113",0.842858861615802
"40115",0.764293713486421
"40117",0.700802618941247
"40119",0.856200407063096
"40121",0.793057436079548
"40123",0.719277620182046
"40125",0.831719704079308
"40127",0.364803998553528
"40129",0.334140316018064
"40131",0.762010706487391
"40133",0.733712721418973
"40135",0.619958064356829
"40137",0.821280032943415
"40139",0.917872266275222
"40141",0.842734610025966
"40143",0.985178085505245
"40145",0.836531880791254
"40147",0.926059358235763
"40149",0.679731171987474
"40151",0.92773483782119
"40153",0.954199665901782
"41001",0.960438319718155
"41003",0.940649569539811
"41005",0.938247630725794
"41007",0.889030505511245
"41009",0.887949802124193
"41011",0.916529236387129
"41013",1
"41015",0.916724815470962
"41017",0.992941074366417
"41019",0.870168266293557
"41021",0.673195709511204
"41023",0.430320276640905
"41025",0.996834611036153
"41027",0.724850951110356
"41029",0.980318594041811
"41031",0.893571887479835
"41033",0.901379602436985
"41035",0.943466433673938
"41037",0.992630144704332
"41039",0.956848201355542
"41041",0.843982878041408
"41043",0.895071467742984
"41045",0.929263197315596
"41047",0.958589966382631
"41049",0.881956068122087
"41051",0.997574566064133
"41053",0.946819938864055
"41055",0.539350203786816
"41057",0.793985682252622
"41059",0.941698933307995
"41061",0.897017018730838
"41063",0.594975328810088
"41065",0.942123791779051
"41067",0.985978974513204
"41069",0.810585952735665
"41071",0.960079232835138
"42001",0.786662821952727
"42003",0.996877179649144
"42005",0.79313844176176
"42007",0.941316920237952
"42009",0.676958924706681
"42011",0.936217585436372
"42013",0.966244414841267
"42015",0.848756864941581
"42017",0.976420643034284
"42019",0.898697275783411
"42021",0.907924469661689
"42023",1
"42025",0.772464953385678
"42027",0.921174328559555
"42029",0.964802146379939
"42031",0.679069130517655
"42033",0.905752749762142
"42035",0.901312149985096
"42037",0.91215275223778
"42039",0.84166653917413
"42041",0.915720317050662
"42043",0.957090919335006
"42045",0.998883031852283
"42047",0.848659800071828
"42049",0.979646934078363
"42051",0.867456843976017
"42053",0.184474056534966
"42055",0.847914514951045
"42057",0.533498719243304
"42059",0.810294338407893
"42061",0.81067076068886
"42063",0.847205457272319
"42065",0.843970867906394
"42067",0.706597841076279
"42069",0.951842187956189
"42071",0.936081629273559
"42073",0.839722967083827
"42075",0.897603843249021
"42077",0.979685335675568
"42079",0.948278019991397
"42081",0.941986045602632
"42083",0.799487814630937
"42085",0.862373338199576
"42087",0.862555590056008
"42089",0.83072806062855
"42091",0.993407478699985
"42093",0.856267348976577
"42095",0.962294167494108
"42097",0.906218306018883
"42099",0.560089174994866
"42101",0.999997813518203
"42103",0.799847707012016
"42105",0.348152853446372
"42107",0.857097809034573
"42109",0.705235104390279
"42111",0.704750931045603
"42113",0.742942087266308
"42115",0.797892818094005
"42117",0.541943481865004
"42119",0.887381474017681
"42121",0.880354416879692
"42123",0.938359871907548
"42125",0.944518549063556
"42127",0.507518107648998
"42129",0.952937601546068
"42131",0.642887317741092
"42133",0.916070188775518
"44001",0.99820549839287
"44003",0.98257773416569
"44005",0.983848857464729
"44007",0.992415797047372
"44009",0.911689132424343
"45001",0.709119192746521
"45003",0.87002240195043
"45005",0.717323806850871
"45007",0.842832748798435
"45009",0.853494956053526
"45011",0.611880290857385
"45013",0.922915295049908
"45015",0.890526826318889
"45017",0.652781131069748
"45019",0.970678800996244
"45021",0.799550598478739
"45023",0.845118483758092
"45025",0.745027912835858
"45027",0.630027035908396
"45029",0.776920092113411
"45031",0.709738010571049
"45033",0.612968327170561
"45035",0.934381305385822
"45037",0.739398903050604
"45039",0.856380475367162
"45041",0.84681966085658
"45043",0.804368770700654
"45045",0.970382060884231
"45047",0.843669199629447
"45049",0.629568828533118
"45051",0.879118377640354
"45053",0.7932476472535
"45055",0.806880532434329
"45057",0.85514414047763
"45059",0.743515769050589
"45061",0.775156999054144
"45063",0.912829009557756
"45065",0.345754261342924
"45067",0.691197259263363
"45069",0.741587060692784
"45071",0.76924574705653
"45073",0.653695261257119
"45075",0.736768962915499
"45077",0.871765854688711
"45079",0.970774414032898
"45081",0.784987849104284
"45083",0.900254895256153
"45085",0.873669207158108
"45087",0.791856015154835
"45089",0.690729334261496
"45091",0.930649257192078
"46003",0.353822330933294
"46005",0.945539779533882
"46007",0.229253685423393
"46009",0.40470567876217
"46011",0.90493430813391
"46013",0.918157316837146
"46015",0.250349173744119
"46017",0.287593324381195
"46019",0.848436116558769
"46021",0.36610218988257
"46023",0.256925806887935
"46025",0.589008964041206
"46027",0.958765047993342
"46029",0.934252307237227
"46031",0.336918787565188
"46033",0.30949852361227
"46035",0.909751808691506
"46037",0.403761702905668
"46039",0.465635303124716
"46041",0.779087617485343
"46043",0.289419677013351
"46045",0.412517322467877
"46047",0.869282515692703
"46049",0.616029789085273
"46051",0.823867816611935
"46053",0.220291140823973
"46055",0.4160209258395
"46057",0.318232825915905
"46059",0.488665761059248
"46061",0.778854185829816
"46063",0.602492448677417
"46065",0.898492252543385
"46067",0.658954759754303
"46069",0.439358411590137
"46071",0.291379827162045
"46073",0.336027043581437
"46075",0.643917690085792
"46077",0.56181525946076
"46079",0.894261488359925
"46081",0.944002063366441
"46083",0.910195821121372
"46085",0.340319198375165
"46087",0.7141493231598
"46089",0.519005922075566
"46091",0.378878226289587
"46093",0.972485223981388
"46095",0.356761502961626
"46097",0.861573873477486
"46099",0.946996475791639
"46101",0.692485772158346
"46102",0.630799457350288
"46103",0.949900851452008
"46105",0.203004642489203
"46107",0.291514203942562
"46109",0.282058014012583
"46111",0.465549735453042
"46115",0.474913710602976
"46117",0.924407527764732
"46119",0.413208814189489
"46121",0.201060031114058
"46123",0.912534932624821
"46125",0.6856960624264
"46127",0.757641040615973
"46129",0.864824565856979
"46135",0.859716331981557
"46137",0.793755139822487
"47001",0.902442030124244
"47003",0.818354193760461
"47005",0.691923403275671
"47007",0.603526757532421
"47009",0.862417140426479
"47011",0.83244875691781
"47013",0.801406416354032
"47015",0.817355279055248
"47017",0.633334031771046
"47019",0.803938055011397
"47021",0.649106895488538
"47023",0.812714621251857
"47025",0.696513480222992
"47027",0.513557204715253
"47029",0.657588653610785
"47031",0.762574995123563
"47033",0.762449767729955
"47035",0.662850683543188
"47037",0.994725208913216
"47039",0.407667950183918
"47041",0.721630858898897
"47043",0.783430911478578
"47045",0.853070447673344
"47047",0.876408928712668
"47049",0.388148027489149
"47051",0.643402576420222
"47053",0.898062275355915
"47055",0.804121297864759
"47057",0.366982904612481
"47059",0.634608490775053
"47061",0.513756873172276
"47063",0.892605809458607
"47065",0.95962253050478
"47067",0.559097576963292
"47069",0.817103511568422
"47071",0.832192860480513
"47073",0.701227030144894
"47075",0.960801609500001
"47077",0.790119686869112
"47079",0.780205519762665
"47081",0.723169390973025
"47083",0.657630527688291
"47085",0.76204112412137
"47087",0.565034135553791
"47089",0.649415416195189
"47091",0.322830628164906
"47093",0.960598698800349
"47095",0.408366112225815
"47097",0.823132745663489
"47099",0.641488265554421
"47101",0.75621292727762
"47103",0.713831577670785
"47105",0.812015062781788
"47107",0.712315457540268
"47109",0.629574931846364
"47111",0.731592697991173
"47113",0.929902514496901
"47115",0.608619255778766
"47117",0.791928461777912
"47119",0.856130679613624
"47121",0.478124680687314
"47123",0.535191725801793
"47125",0.919100195278091
"47127",0.621797700941098
"47129",0.541185511629291
"47131",0.801042091083251
"47133",0.531719713563826
"47135",0.663435755898307
"47137",0.450462185856088
"47139",0.24537595037724
"47141",0.830001801066131
"47143",0.620194543476075
"47145",0.756818965368575
"47147",0.862972807851956
"47149",0.950368530740082
"47151",0.594251088175945
"47153",0.688984073916991
"47155",0.692504015612658
"47157",0.993677329206627
"47159",0.803178222107555
"47161",0.53492904657588
"47163",0.87369442665126
"47165",0.897466494817175
"47167",0.826903536225741
"47169",0.672662040548753
"47171",0.756965782255773
"47173",0.417240635740419
"47175",0.695286345488033
"47177",0.704172366440986
"47179",0.869273645842001
"47181",0.496456616730699
"47183",0.781718817174037
"47185",0.533779694562801
"47187",0.955514054976968
"47189",0.857906826982302
"48001",0.694223286311854
"48003",0.999997752258013
"48005",0.926927364830523
"48007",0.928399252546568
"48009",0.811896842014024
"48011",0.874706405177438
"48013",0.945627861156616
"48015",0.908043044560604
"48017",0.998241759316754
"48019",0.868258791189571
"48021",0.764504154916685
"48023",0.642235227781858
"48025",0.876987670259756
"48027",0.941407998592649
"48029",0.990063770538582
"48031",0.925524502415649
"48033",0.966080762464869
"48035",0.811934635869971
"48037",0.905805309806929
"48039",0.931185901516836
"48041",0.95826888192857
"48043",0.995529677364514
"48045",0.789426835943344
"48047",0.973774140108391
"48049",0.939527904253446
"48051",0.818165732178568
"48053",0.894468243588527
"48055",0.898736499078815
"48057",0.865985477272641
"48059",0.960715310490268
"48061",0.996257040581959
"48063",0.888369709916406
"48065",0.870113169494499
"48067",0.819888045446789
"48069",0.908881704515049
"48071",0.899122448686572
"48073",0.888661874661476
"48075",0.904665204604345
"48077",0.896472603410635
"48079",0.761565101067485
"48081",0.764373373160272
"48083",0.962675486191536
"48085",0.980905283093502
"48087",0.530031889865348
"48089",0.922913971672644
"48091",0.827504538491284
"48093",0.790444765548298
"48095",0.561195030500178
"48097",0.869333596775411
"48099",0.943862561294763
"48101",0.795601344402754
"48103",1
"48105",1
"48107",0.788781613699996
"48109",0.993860968012054
"48111",0.999527822724611
"48113",0.998602608967188
"48115",0.989657011097294
"48117",0.999972995065152
"48119",0.648192789361292
"48121",0.981348114202598
"48123",0.88788995522097
"48125",0.642242827046217
"48127",0.942011371715488
"48129",0.610521805202046
"48131",0.81145078643243
"48133",0.806981222050718
"48135",0.997998238214027
"48137",0.558086396915087
"48139",0.916906725473865
"48141",0.998391180895607
"48143",0.900085094070782
"48145",0.794522338508459
"48147",0.820858122041341
"48149",0.851856662900209
"48151",1
"48153",0.953939803899328
"48155",0.918603182218168
"48157",0.988698882946696
"48159",0.925868924610808
"48161",0.767295805468796
"48163",0.983870741371007
"48165",0.824219244493433
"48167",0.976566241548866
"48169",1
"48171",0.900674950534233
"48173",1
"48175",0.704436611990628
"48177",0.901496697214196
"48179",0.962614485209331
"48181",0.836729989921402
"48183",0.958792834894746
"48185",0.896602526923327
"48187",0.920837960714348
"48189",0.960566016413758
"48191",0.391754295206981
"48193",0.837995926826123
"48195",0.875354425432313
"48197",0.597896504169246
"48199",0.780958994582067
"48201",0.996520414664077
"48203",0.880654339012132
"48205",0.972928102394594
"48207",0.917924053553834
"48209",0.880870941342098
"48211",0.999781101510177
"48213",0.711029465154637
"48215",0.996870143403156
"48217",0.833852064759011
"48219",0.952933083171207
"48221",0.862217980446281
"48223",0.817231209170176
"48225",0.732700856924138
"48227",0.989570188995847
"48229",0.965024782319348
"48231",0.814279140342735
"48233",0.953281950505568
"48235",1
"48237",0.95087205306075
"48239",0.798424754936366
"48241",0.789949112614054
"48243",0.998565463634239
"48245",0.963030461618244
"48247",1
"48249",1
"48251",0.857119580130247
"48253",0.752892073211909
"48255",0.95469210092784
"48257",0.845189451382403
"48259",0.872688764188132
"48261",0.979370396188911
"48263",0.968217380255999
"48265",0.852969464794855
"48267",1
"48269",1
"48271",0.999208618741183
"48273",0.995673042021565
"48275",0.46915083211382
"48277",0.91504385643184
"48279",0.844040125968528
"48281",0.742455014514582
"48283",0.997325647824354
"48285",0.626965826059575
"48287",0.933006999534228
"48289",0.555522591473851
"48291",0.852555182505438
"48293",0.88174200416678
"48295",0.526954581760152
"48297",0.732367758153536
"48299",0.872289178810581
"48301",0.994372099916002
"48303",0.995773613299595
"48305",0.93032986863497
"48307",1
"48309",0.919183682272374
"48311",0.973988415503429
"48313",0.764298524406768
"48315",0.500600045237985
"48317",0.895612189956059
"48319",0.687345477124981
"48321",0.923805104098533
"48323",0.99614046200872
"48325",0.947865857907724
"48327",0.84729741900621
"48329",0.999001867196877
"48331",0.928235615545257
"48333",0.592144631106653
"48335",0.978388281669375
"48337",0.880203855548257
"48339",0.903179598392898
"48341",0.948811657841814
"48343",0.608771454654967
"48345",0.872660023361859
"48347",0.897228387936929
"48349",0.868134126080924
"48351",0.581365153454596
"48353",0.972355314767131
"48355",0.995645138757804
"48357",0.999782849101306
"48359",0.961443821993547
"48361",0.955392387252445
"48363",0.846257569993086
"48365",0.904618670930787
"48367",0.778349360924336
"48369",0.954836056977278
"48371",0.995056551347741
"48373",0.531507019433261
"48375",0.998790728638581
"48377",0.993895737472507
"48379",0.718246528689298
"48381",0.992237125638822
"48383",1
"48385",0.578613144190055
"48387",0.79932675998515
"48389",0.999980498423254
"48391",0.863495912923753
"48393",1
"48395",0.772404124138336
"48397",0.922446396328022
"48399",0.942058763864667
"48401",0.80105390755
"48403",0.331382196812215
"48405",0.303088266089104
"48407",0.370731703147177
"48409",0.994473644940106
"48411",0.965794513178343
"48413",1
"48415",0.949265674132192
"48417",0.85822716211282
"48419",0.76459885090485
"48421",0.707118371189468
"48423",0.931261891310115
"48425",0.667303507554189
"48427",0.934235553317567
"48429",0.994278400630453
"48431",0.913964572960281
"48433",0.789418230956366
"48435",1
"48437",0.93676462317289
"48439",0.995990767246871
"48441",0.994311575267094
"48443",0.953965712743821
"48445",0.999886077617195
"48447",0.680431395431358
"48449",0.851842388118038
"48451",0.996573266585855
"48453",0.981060228080758
"48455",0.56896308348082
"48457",0.726615363676372
"48459",0.70726715251865
"48461",0.733930502066042
"48463",0.942130949186194
"48465",0.999640242135711
"48467",0.748439909689302
"48469",0.963390940215438
"48471",0.780603728215322
"48473",0.888417150885858
"48475",0.963147171395757
"48477",0.86234351526585
"48479",0.999610264841714
"48481",0.923429867246193
"48483",0.756820250959678
"48485",0.980742309800717
"48487",0.98332201806813
"48489",0.982265009116863
"48491",0.978376407446661
"48493",0.801634910881864
"48495",0.948068995254171
"48497",0.807082531184751
"48499",0.645586183561768
"48501",0.860556159327264
"48503",0.978724386186023
"48505",0.986517342961815
"48507",0.951891849743378
"49001",0.79348174302416
"49003",0.885229574849138
"49005",0.91470593755762
"49007",0.825170081347764
"49009",0.924109796935219
"49011",0.996011158981337
"49013",0.87075399940904
"49015",0.610633913379674
"49017",0.402731418432075
"49019",0.904522460225082
"49021",0.956298571310543
"49023",0.937902649081527
"49025",0.774991733935381
"49027",0.654652710341989
"49029",0.824379582137828
"49031",0.45111437085391
"49033",0.934208690594411
"49035",0.997890830397139
"49037",0.804280659187188
"49039",0.81061049340733
"49041",0.652107702725045
"49043",0.917333130878517
"49045",0.976519426649019
"49047",0.998541317323477
"49049",0.985523265856173
"49051",0.916620265941759
"49053",0.971948485236151
"49055",0.312269204900048
"49057",0.970682285071752
"50001",0.684877886583815
"50003",0.645137308716663
"50005",0.684438886148821
"50007",0.94217231129737
"50009",0.301032325867502
"50011",0.747539727933289
"50013",0.467413047362516
"50015",0.385154725078259
"50017",0.455644626871811
"50019",0.644513828213862
"50021",0.742122686250442
"50023",0.833926583402979
"50025",0.69280160600365
"50027",0.544491413699274
"51001",0.335256120196533
"51003",0.853022722260392
"51005",0.957790434729278
"51007",0.873137938602168
"51009",0.822743123159534
"51011",0.41069821530082
"51013",0.999996971644905
"51015",0.836519886139061
"51017",0.0949486703235816
"51019",0.799122441759829
"51021",0.288737555739523
"51023",0.890284141534498
"51025",0.864969039768532
"51027",0.467279973703766
"51029",0.720575969962353
"51031",0.787937294649091
"51033",0.800101910893356
"51035",0.377350387734496
"51036",0.795391184830962
"51037",0.528351200485498
"51041",0.982895549378778
"51043",0.891325202761125
"51045",0.264500608984245
"51047",0.832262810498339
"51049",0.931166269550647
"51051",0.306363179776363
"51053",0.83602962837891
"51057",0.903188511148359
"51059",0.995124844926867
"51061",0.900303950432364
"51063",0.56778273069694
"51065",0.810898521468396
"51067",0.505072944322943
"51069",0.812908030621637
"51071",0.895492536050454
"51073",0.758043095869049
"51075",0.769291498981511
"51077",0.358086000834379
"51079",0.746966533670733
"51081",0.616762459966638
"51083",0.729827810940191
"51085",0.865036742443606
"51087",0.98668301238399
"51089",0.689977109445543
"51091",0.90338541400775
"51093",0.820937802627429
"51095",0.957474840656644
"51097",0.935890109311819
"51099",0.789080074427297
"51101",0.686689850792608
"51103",0.46350888512498
"51105",0.279945126382202
"51107",0.956833544191843
"51109",0.561991943589731
"51111",0.604757990524686
"51113",0.638170361435443
"51115",0.502918555755379
"51117",0.657594229178947
"51119",0.534389078488631
"51121",0.956664744018569
"51125",0.754111407062949
"51127",0.493020401889102
"51131",0.725944657114065
"51133",0.479210096535923
"51135",0.975549923686169
"51137",0.820751072820466
"51139",0.52965165391952
"51141",0.6357488712284
"51143",0.56996749319155
"51145",0.447687353098141
"51147",0.794205365556722
"51149",0.795500659990681
"51153",0.983575502514061
"51155",0.918818949961935
"51157",0.917516068001933
"51159",0.719608587758911
"51161",0.976012845775149
"51163",0.821354093851926
"51165",0.882575331724391
"51167",0.664318999125476
"51169",0.880463293811743
"51171",0.665773995425712
"51173",0.656396443776192
"51175",0.813334314434276
"51177",0.863363628449796
"51179",0.91229260542791
"51181",0.976156437595826
"51183",0.795091914575103
"51185",0.901806550220227
"51187",0.791125196646983
"51191",0.740003142721628
"51193",0.82837430337159
"51195",0.924213146779275
"51197",0.651940939783788
"51199",0.992048073403322
"51510",0.999995580682568
"51520",0.999762233854806
"51530",1
"51540",0.999589914736858
"51550",0.997720136265398
"51570",0.998688972703115
"51580",0.999094265543676
"51590",0.972163684532105
"51595",0.960678269871833
"51600",1
"51610",1
"51620",0.991016758890569
"51630",0.995208610411118
"51640",0.902082962390062
"51650",0.99971165841385
"51660",0.99999162145528
"51670",0.999966562344953
"51678",0.99980281919453
"51680",0.989538234999035
"51683",0.999996162771981
"51685",0.998313064667051
"51690",0.998681066642732
"51700",0.99980509678302
"51710",0.999913951713154
"51720",1
"51730",0.992385542698274
"51735",0.994980429154099
"51740",0.999873371690802
"51750",0.994538198960533
"51760",1
"51770",1
"51775",0.999606449256359
"51790",0.987194012806242
"51800",0.985691480983078
"51810",0.999762217865286
"51820",0.999556229264671
"51830",1
"51840",0.998757423239785
"53001",0.929731013433837
"53003",0.999447002653867
"53005",0.993229546554185
"53007",0.979483243649251
"53009",0.855499765213314
"53011",0.956215937467017
"53013",0.993152940903147
"53015",0.927639894040174
"53017",0.973057952355847
"53019",0.898664414167494
"53021",0.993271721184099
"53023",0.921805505260917
"53025",0.960168297273813
"53027",0.862443008383175
"53029",0.752789617897252
"53031",0.857496314816661
"53033",0.994082076777517
"53035",0.954568435421668
"53037",0.929757691785542
"53039",0.911595654261947
"53041",0.751643999890303
"53043",0.877749495070735
"53045",0.856636303660298
"53047",0.971360278124807
"53049",0.86191978847042
"53051",0.992580225441816
"53053",0.973742528247396
"53055",0.384623059445403
"53057",0.880273169988964
"53059",0.658572873893958
"53061",0.956029659534041
"53063",0.997148060420298
"53065",0.895478586645905
"53067",0.894969772016226
"53069",0.805470716928802
"53071",0.982582750367782
"53073",0.916855276546602
"53075",0.966860107216302
"53077",0.97435431287574
"54001",0.611175859575843
"54003",0.862942468924998
"54005",0.711343246524625
"54007",0.256868604820272
"54009",0.783960689623371
"54011",0.965371141546123
"54013",0.547973199389408
"54015",0.559206523050192
"54017",0.462338942518144
"54019",0.777003121711743
"54021",0.968515088646009
"54023",0.754267684639018
"54025",0.698961957606128
"54027",0.462070720521685
"54029",0.84372845679138
"54031",0.733501028904804
"54033",0.859499797820673
"54035",0.69969810071639
"54037",0.849954450376707
"54039",0.939415981310021
"54041",0.743315470503866
"54043",0.358644902385195
"54045",0.83502187243622
"54047",0.73404426769096
"54049",0.801722140094683
"54051",0.822968894220232
"54053",0.749061260773561
"54055",0.827301596093526
"54057",0.667664065581276
"54059",0.585419591792386
"54061",0.92851809135346
"54063",0.681860063693818
"54065",0.380123798929222
"54067",0.451909984337737
"54069",0.873755909624422
"54071",0.493528551452188
"54073",0.85998647752776
"54075",0.24391837412788
"54077",0.527106594023538
"54079",0.877241499234634
"54081",0.835935545196869
"54083",0.765747483777819
"54085",0.391867816153723
"54087",0.909009617866214
"54089",0.776337125635248
"54091",0.706323173213065
"54093",0.1775617566758
"54095",0.513869535924364
"54097",0.833756353097889
"54099",0.796022364220025
"54101",0.172558955206022
"54103",0.887578720768119
"54105",0.380342390734145
"54107",0.905794936950952
"54109",0.55539390187169
"55001",0.503340183865923
"55003",0.970713787728475
"55005",0.812133087810669
"55007",0.529226962351466
"55009",0.990196630705554
"55011",0.590587149539471
"55013",0.640969377859569
"55015",0.966739670782037
"55017",0.988484979549013
"55019",0.706151759805529
"55021",0.776716316327964
"55023",0.962144172630143
"55025",0.967486167514951
"55027",0.868019243384685
"55029",0.95276062111584
"55031",0.998417475245825
"55033",0.83195312018475
"55035",0.977321038115658
"55037",0.985639162030894
"55039",0.890998444136218
"55041",0.348865987202968
"55043",0.775101297864232
"55045",0.837708393286436
"55047",0.677632586417177
"55049",0.694806036800128
"55051",0.989771202069754
"55053",0.957219822375457
"55055",0.918595880765383
"55057",0.665052525861698
"55059",0.95305909989864
"55061",0.873818882393736
"55063",0.99087828615866
"55065",0.526754715336871
"55067",0.979443267322759
"55069",1
"55071",0.914987399754622
"55073",0.980106606604607
"55075",0.943836034747114
"55077",0.55434404685007
"55078",0.819780225443542
"55079",0.999248345048783
"55081",0.956708497298895
"55083",0.890058422252691
"55085",1
"55087",0.972193069321219
"55089",0.908014007326953
"55091",0.537291935602806
"55093",0.935664828470689
"55095",0.795573528126493
"55097",0.963417514248329
"55099",0.744976479290924
"55101",0.935961360212834
"55103",0.882908617556739
"55105",0.920611566296381
"55107",0.994797249880304
"55109",0.896784249109556
"55111",0.936449245609855
"55113",0.985271603460521
"55115",0.85188445776678
"55117",0.925417341271177
"55119",0.933346321134009
"55121",0.589582601311168
"55123",0.737100390561495
"55125",0.962183867220713
"55127",0.86173831358873
"55129",0.897344063798993
"55131",0.883806848168294
"55133",0.955762615104473
"55135",0.885661788719594
"55137",0.648899309726165
"55139",0.991605271187507
"55141",0.992604746370325
"56001",0.979596583175882
"56003",0.296908813923876
"56005",0.911950773527105
"56007",0.822434690938774
"56009",0.901142755955765
"56011",0.387559438459452
"56013",0.864812834936035
"56015",0.854367667585585
"56017",0.93759399308757
"56019",0.81492410022514
"56021",0.923489506572531
"56023",0.408539422244834
"56025",0.983265949324368
"56027",0.312322406113845
"56029",0.829839889194451
"56031",0.737021294934664
"56033",0.867362743015408
"56035",0.196014909989228
"56037",0.978144906537078
"56039",0.685695659054597
"56041",0.843052245497839
"56043",0.889515759626169
"56045",0.71249917988302
