"","STNAME","scenario","black","total","white","disparity"
"1","Alabama","jie_2017NZ2050",34.980372240516,35.0296109216452,35.0348322539875,-0.0544600134714628
"2","Alabama","jie_NEI2017",45.5533404999118,45.4924089180875,45.4487294091234,0.10461109078836
"3","Alabama","jie_RCP45NZ2050",32.2440788292403,32.4033221316776,32.4435630264293,-0.199484197189051
"4","Alabama","jie_equityNZ2050scaled",30.5783083769391,30.6349675604521,30.6453026951559,-0.0669943182168034
"5","Alabama","jie_newNZ2050",44.2753086390839,44.003278942667,43.8848497488649,0.390458890219058
"6","Alabama","pengfei_2017",42.0750326004438,41.7796552051895,41.6551643755779,0.419868224865922
"7","Alabama","pengfei_NZ2050",34.057330288428,33.9310027201949,33.8749592984213,0.18237099000671
"8","Alabama","pengfei_NZ2050RCP",32.6104696098561,32.5728183694822,32.5443892102606,0.0660803995955277
"9","Alabama","pengfei_REF2050",38.3659785901198,38.0344819297899,37.9003680544762,0.465610535643577
"10","Arizona","jie_2017NZ2050",24.381784997791,24.6079376253497,24.6931735481925,-0.311388550401485
"11","Arizona","jie_NEI2017",28.5973734908346,28.8862721378407,29.0176568725376,-0.420283381703019
"12","Arizona","jie_RCP45NZ2050",31.7045718569163,31.8063526641768,31.8688671720872,-0.164295315170914
"13","Arizona","jie_equityNZ2050scaled",23.0180685602925,23.1571127985233,23.2670629926897,-0.248994432397218
"14","Arizona","jie_newNZ2050",25.8135547862363,26.1771429024547,26.2643647637424,-0.450809977506143
"15","Arizona","pengfei_2017",33.5083933878132,33.4366350453049,33.571366109293,-0.062972721479845
"16","Arizona","pengfei_NZ2050",30.346606346843,30.3267621986459,30.4428450588987,-0.0962387120556905
"17","Arizona","pengfei_NZ2050RCP",32.8554932718968,32.7589426295415,32.8876415349133,-0.0321482630165306
"18","Arizona","pengfei_REF2050",31.3210313241336,31.2839459547043,31.4218750356698,-0.100843711536179
"19","Arkansas","jie_2017NZ2050",37.7393790281486,36.9222865507209,36.8079761268549,0.931402901293716
"20","Arkansas","jie_NEI2017",45.5269062287453,44.5752651493782,44.3788138485213,1.14809238022392
"21","Arkansas","jie_RCP45NZ2050",35.0236500302897,34.6447930182703,34.5705620040417,0.453088026248011
"22","Arkansas","jie_equityNZ2050scaled",32.4340269194246,32.1383899102323,32.0325007411183,0.401526178306284
"23","Arkansas","jie_newNZ2050",45.3380036347651,44.0357488925245,43.8250850148506,1.51291861991456
"24","Arkansas","pengfei_2017",42.3272952870616,41.4133345739724,41.2061816823618,1.12111360469986
"25","Arkansas","pengfei_NZ2050",34.4178056395328,33.8911354215494,33.7743006904507,0.643504949082093
"26","Arkansas","pengfei_NZ2050RCP",33.0088749193332,32.8300730840963,32.7968431153213,0.212031804011893
"27","Arkansas","pengfei_REF2050",38.3084596480129,37.4086267086612,37.2338350005232,1.07462464748971
"28","California","jie_2017NZ2050",35.690173628091,35.3041533626315,34.9185713858426,0.771602242248399
"29","California","jie_NEI2017",40.1514427985911,39.6402523884415,39.1377711013038,1.01367169728736
"30","California","jie_RCP45NZ2050",39.2400154710314,38.705984398728,38.0513160261407,1.18869944489072
"31","California","jie_equityNZ2050scaled",35.5008771638916,34.9501535789698,34.4621973403118,1.03867982357978
"32","California","jie_newNZ2050",39.9822324642753,39.4321353209528,38.947757463089,1.03447500118622
"33","California","pengfei_2017",42.3748287558285,41.4613924183755,40.8034538542143,1.57137490161422
"34","California","pengfei_NZ2050",40.5056861439526,39.6869528898234,39.0350418875058,1.47064425644674
"35","California","pengfei_NZ2050RCP",43.415358541075,42.3689237600785,41.4437196823168,1.97163885875822
"36","California","pengfei_REF2050",41.4087461407315,40.4427953983053,39.7938528986061,1.61489324212545
"37","Colorado","jie_2017NZ2050",34.3864978440575,33.5327916448006,33.4197048426892,0.966793001368238
"38","Colorado","jie_NEI2017",41.4950163184601,40.7254818938369,40.6578535606874,0.837162757772695
"39","Colorado","jie_RCP45NZ2050",39.0113242966386,38.0095375919775,37.8902351730022,1.12108912363644
"40","Colorado","jie_equityNZ2050scaled",33.7644535533313,33.6679093571244,33.7213488923309,0.0431046610003705
"41","Colorado","jie_newNZ2050",38.3114805726946,37.3517716391684,37.246868200653,1.06461237204164
"42","Colorado","pengfei_2017",43.1932814767243,42.5977144866402,42.5791630752743,0.614118401449922
"43","Colorado","pengfei_NZ2050",38.0469547752492,37.5773263975093,37.563647735607,0.483307039642206
"44","Colorado","pengfei_NZ2050RCP",40.656367178356,39.7826011760589,39.6982991891333,0.958067989222734
"45","Colorado","pengfei_REF2050",39.7743120197769,39.1632450290751,39.133815164992,0.640496854784921
"46","Connecticut","jie_2017NZ2050",37.1313425688387,36.9732670780013,36.8956303001289,0.235712268709811
"47","Connecticut","jie_NEI2017",43.5317727039507,43.2115142449057,43.0736166773437,0.458156026606993
"48","Connecticut","jie_RCP45NZ2050",39.4498597571404,38.9505367399661,38.7614339696384,0.688425787502041
"49","Connecticut","jie_equityNZ2050scaled",34.741702247226,34.4790854265594,34.3810213199669,0.360680927259047
"50","Connecticut","jie_newNZ2050",41.781306367938,41.5137598560904,41.3934595750126,0.387846792925373
"51","Connecticut","pengfei_2017",41.1694408108383,40.8186590220731,40.6659652367096,0.503475574128679
"52","Connecticut","pengfei_NZ2050",37.9316317758584,37.6212554139091,37.4908366864668,0.440795089391621
"53","Connecticut","pengfei_NZ2050RCP",39.5774531901673,39.1415614208714,38.9641078286162,0.613345361551055
"54","Connecticut","pengfei_REF2050",39.3994126786804,39.1053663295957,38.9814395384387,0.417973140241777
"55","Delaware","jie_2017NZ2050",38.9735486145245,38.7728583962396,38.6753593394642,0.298189275060295
"56","Delaware","jie_NEI2017",46.0335110793353,45.7807762161292,45.6578540319476,0.375657047387655
"57","Delaware","jie_RCP45NZ2050",41.402913445641,40.9498622490283,40.7333720506093,0.669541395031743
"58","Delaware","jie_equityNZ2050scaled",34.0962462015063,33.9526737620217,33.8846056168057,0.211640584700667
"59","Delaware","jie_newNZ2050",43.5724523486801,43.3492970461953,43.2392176308725,0.333234717807549
"60","Delaware","pengfei_2017",43.6672995957073,43.4560174267271,43.3474853058071,0.319814289900194
"61","Delaware","pengfei_NZ2050",38.5565868096222,38.2604974989741,38.1161163106892,0.440470498933031
"62","Delaware","pengfei_NZ2050RCP",41.8617294273302,41.5605904925392,41.4037579795364,0.457971447793746
"63","Delaware","pengfei_REF2050",40.5958810177124,40.3121235999576,40.1704821018833,0.425398915829149
"64","District of Columbia","jie_2017NZ2050",40.5,40.5,40.5,0
"65","District of Columbia","jie_NEI2017",50.1,50.1,50.1,0
"66","District of Columbia","jie_RCP45NZ2050",44.2,44.2,44.2,0
"67","District of Columbia","jie_equityNZ2050scaled",38.975620407602,38.975620407602,38.975620407602,0
"68","District of Columbia","jie_newNZ2050",46,46,46,0
"69","District of Columbia","pengfei_2017",50.02651,50.02651,50.02651,0
"70","District of Columbia","pengfei_NZ2050",42.32955,42.32955,42.32955,0
"71","District of Columbia","pengfei_NZ2050RCP",43.31977,43.31977,43.31977,0
"72","District of Columbia","pengfei_REF2050",45.96766,45.96766,45.96766,0
"73","Florida","jie_2017NZ2050",26.6019165298462,26.0770000779645,26.0464306494474,0.555485880398894
"74","Florida","jie_NEI2017",33.1191891688071,32.5069265264742,32.9794767905045,0.139712378302598
"75","Florida","jie_RCP45NZ2050",24.106446399093,24.5002371483378,25.2924884972527,-1.18604209815973
"76","Florida","jie_equityNZ2050scaled",19.9181157807954,20.1271151362321,20.8764905633366,-0.958374782541114
"77","Florida","jie_newNZ2050",31.1351335684791,30.7361478667474,31.2458034107296,-0.110669842250488
"78","Florida","pengfei_2017",30.5363392624663,30.7816214319916,31.7745418243155,-1.23820256184918
"79","Florida","pengfei_NZ2050",25.7099954294734,26.0004119610221,26.7554200058899,-1.04542457641644
"80","Florida","pengfei_NZ2050RCP",25.5746476892575,25.9433085309709,26.9492766627089,-1.37462897345143
"81","Florida","pengfei_REF2050",26.8067465940958,27.1286833978468,28.0412176164261,-1.23447102233031
"82","Georgia","jie_2017NZ2050",36.2679504995058,35.8376191953545,35.3321342965997,0.935816202906125
"83","Georgia","jie_NEI2017",48.4244154763318,47.5303099944274,46.7286426266938,1.69577284963799
"84","Georgia","jie_RCP45NZ2050",32.6035384384897,32.4661834500058,32.0755890998832,0.527949338606483
"85","Georgia","jie_equityNZ2050scaled",32.8347391680295,32.2995401390508,31.6091555101335,1.22558365789606
"86","Georgia","jie_newNZ2050",45.7870590322722,44.8125745628029,43.932815645314,1.85424338695821
"87","Georgia","pengfei_2017",48.021509520602,46.8739219904385,45.6073110737179,2.41419844688409
"88","Georgia","pengfei_NZ2050",37.6953406676146,36.9203283475964,36.0394084463401,1.65593222127443
"89","Georgia","pengfei_NZ2050RCP",34.9459023381678,34.4292719860991,33.7231369261344,1.22276541203348
"90","Georgia","pengfei_REF2050",41.6342455497594,40.830912871467,39.8676185296828,1.76662702007659
"91","Idaho","jie_2017NZ2050",34.4936667292175,34.7757321064937,34.7973453313238,-0.303678602106267
"92","Idaho","jie_NEI2017",37.4198911615688,37.8259759559544,37.8533727353927,-0.433481573823926
"93","Idaho","jie_RCP45NZ2050",35.9840307750047,35.8957843577947,35.8725978314736,0.111432943531092
"94","Idaho","jie_equityNZ2050scaled",34.9951756890819,35.3061613104563,35.3312457779948,-0.336070088912869
"95","Idaho","jie_newNZ2050",37.2677425408144,37.5090511803303,37.5372626483973,-0.269520107582856
"96","Idaho","pengfei_2017",40.1725026733524,40.0519623369916,40.0275915379726,0.144911135379822
"97","Idaho","pengfei_NZ2050",37.9144500636799,37.8740694769587,37.847132490712,0.0673175729678732
"98","Idaho","pengfei_NZ2050RCP",37.956932185638,37.4720315547171,37.4099816600985,0.546950525539486
"99","Idaho","pengfei_REF2050",38.7706183806943,38.7210526010231,38.6923681912297,0.0782501894646472
"100","Illinois","jie_2017NZ2050",37.4372563521439,37.2262800044125,37.1076104106299,0.329645941513931
"101","Illinois","jie_NEI2017",42.3805592676697,42.1450628906892,42.2120447605702,0.168514507099502
"102","Illinois","jie_RCP45NZ2050",40.1978904981073,39.3878174582244,38.844686784613,1.35320371349425
"103","Illinois","jie_equityNZ2050scaled",33.6305982866658,33.1126497238779,32.8129671285996,0.817631158066227
"104","Illinois","jie_newNZ2050",42.0490049258247,41.9050860762972,41.9490932041344,0.0999117216903329
"105","Illinois","pengfei_2017",41.1189369136875,40.1655494874407,39.757675334133,1.3612615795545
"106","Illinois","pengfei_NZ2050",37.6947860302944,36.6287617622729,36.0396725477923,1.6551134825021
"107","Illinois","pengfei_NZ2050RCP",42.4684148275228,41.3210545756508,40.6127024973938,1.85571233012901
"108","Illinois","pengfei_REF2050",38.9591185266753,38.0158110104066,37.540814009941,1.41830451673435
"109","Indiana","jie_2017NZ2050",37.7219386378794,37.1253496981896,37.0457267881217,0.676211849757735
"110","Indiana","jie_NEI2017",44.3823306285985,43.9463227754883,43.9132927368058,0.469037891792695
"111","Indiana","jie_RCP45NZ2050",39.0926728881637,38.0687749851915,37.9325612531798,1.16011163498385
"112","Indiana","jie_equityNZ2050scaled",33.0098123683462,32.1547232170745,32.0423102301697,0.967502138176577
"113","Indiana","jie_newNZ2050",43.3678066492456,42.9756198806909,42.9443164135475,0.423490235698054
"114","Indiana","pengfei_2017",40.7543507406814,39.7225290483558,39.5895811928053,1.16476954787618
"115","Indiana","pengfei_NZ2050",36.2941826851786,35.2008951208095,35.0387422949195,1.2554403902591
"116","Indiana","pengfei_NZ2050RCP",40.3987223507402,39.0323770331346,38.8161460626073,1.58257628813286
"117","Indiana","pengfei_REF2050",38.3924251281943,37.3910383362737,37.2525223318351,1.13990279635915
"118","Iowa","jie_2017NZ2050",34.2586559686738,34.3213722001397,34.3059110531756,-0.0472550845017992
"119","Iowa","jie_NEI2017",38.65676238555,38.599916519729,38.5742099366318,0.0825524489182641
"120","Iowa","jie_RCP45NZ2050",33.5830508474576,33.3564886267351,33.3400071999205,0.243043647537121
"121","Iowa","jie_equityNZ2050scaled",29.1706356377503,29.293009095168,29.2793875859561,-0.108751948205736
"122","Iowa","jie_newNZ2050",39.1918085494366,39.1426622349109,39.1014449891964,0.0903635602402062
"123","Iowa","pengfei_2017",35.682926197443,35.6909126159419,35.6548031243063,0.028123073136733
"124","Iowa","pengfei_NZ2050",32.267354023536,32.2944861130231,32.2747934435898,-0.00743942005377818
"125","Iowa","pengfei_NZ2050RCP",35.1132947801545,34.9006556771755,34.8864662089481,0.226828571206376
"126","Iowa","pengfei_REF2050",33.6751315318621,33.6851774939077,33.6606071740338,0.0145243578283427
"127","Kansas","jie_2017NZ2050",39.3888035965503,38.9968151951567,38.994153962426,0.394649634124285
"128","Kansas","jie_NEI2017",46.5158401125451,45.5938233086073,45.554434939034,0.961405173511046
"129","Kansas","jie_RCP45NZ2050",37.9655104287724,37.574282152475,37.5258813398095,0.439629088962938
"130","Kansas","jie_equityNZ2050scaled",35.9318661071957,35.4875606038921,35.4832736742034,0.448592432992321
"131","Kansas","jie_newNZ2050",46.3751880848982,45.4112225275672,45.4137002669962,0.961487817901933
"132","Kansas","pengfei_2017",44.2865709675685,43.5165598562753,43.482400579922,0.80417038764655
"133","Kansas","pengfei_NZ2050",37.911774341011,37.4829514761088,37.464670550404,0.44710379060696
"134","Kansas","pengfei_NZ2050RCP",39.7560891528319,38.9482557265474,38.8658616370792,0.890227515752748
"135","Kansas","pengfei_REF2050",40.2214614703097,39.6778907207398,39.6408371596247,0.580624310685089
"136","Kentucky","jie_2017NZ2050",38.0819070111802,37.3467585259481,37.2477310901154,0.834175921064833
"137","Kentucky","jie_NEI2017",47.6829372230768,46.6363606754941,46.4921618245103,1.19077539856641
"138","Kentucky","jie_RCP45NZ2050",37.9947978603733,36.9324163000613,36.7850076225809,1.20979023779238
"139","Kentucky","jie_equityNZ2050scaled",33.8055432689899,33.0575976664391,32.9563102642073,0.849233004782626
"140","Kentucky","jie_newNZ2050",44.5400847126885,43.3687781508624,43.2149461292457,1.32513858344282
"141","Kentucky","pengfei_2017",44.0858272354711,42.6587857364,42.4653335381782,1.6204936972929
"142","Kentucky","pengfei_NZ2050",35.9446413976943,35.1409112498887,35.030935379277,0.9137060184174
"143","Kentucky","pengfei_NZ2050RCP",38.2560803754206,37.0524217745656,36.8899817962724,1.36609857914813
"144","Kentucky","pengfei_REF2050",39.049936912834,38.1676133881642,38.0465634163104,1.00337349652364
"145","Louisiana","jie_2017NZ2050",33.7931637193383,33.3311617487527,33.1375170814602,0.6556466378781
"146","Louisiana","jie_NEI2017",40.2177972551257,39.861716115992,39.7084301116213,0.509367143504399
"147","Louisiana","jie_RCP45NZ2050",31.451432099594,30.7379283326268,30.4804418053137,0.970990294280291
"148","Louisiana","jie_equityNZ2050scaled",27.3516921986474,26.808003858577,26.5769949717109,0.774697226936489
"149","Louisiana","jie_newNZ2050",41.7906271601624,41.294782673212,41.0692737186589,0.721353441503553
"150","Louisiana","pengfei_2017",37.2006168544494,36.5919676602107,36.2863548294937,0.914262024955697
"151","Louisiana","pengfei_NZ2050",30.7620497764277,30.2151760452532,29.9629558694754,0.799093906952336
"152","Louisiana","pengfei_NZ2050RCP",29.7091029116078,29.166176689816,28.9531631710506,0.755939740557178
"153","Louisiana","pengfei_REF2050",34.0477828254389,33.402510208706,33.116001758059,0.931781067379838
"154","Maine","jie_2017NZ2050",29.8305571117336,29.4311028464288,29.4249967265369,0.405560385196683
"155","Maine","jie_NEI2017",32.5862620603797,31.8443251102501,31.8300422778805,0.756219782499233
"156","Maine","jie_RCP45NZ2050",31.0231061313414,30.4248556938349,30.414345801412,0.608760329929371
"157","Maine","jie_equityNZ2050scaled",28.1564629935677,27.7995585817012,27.7942471707979,0.362215822769805
"158","Maine","jie_newNZ2050",31.4089511360099,30.7784081289591,30.7668739190543,0.642077216955663
"159","Maine","pengfei_2017",31.4310461538307,30.8421773464484,30.8309303608692,0.600115792961457
"160","Maine","pengfei_NZ2050",29.5294033134398,29.1271396983462,29.1203764342459,0.409026879193839
"161","Maine","pengfei_NZ2050RCP",32.4423157769169,31.6974579521479,31.6824664752207,0.759849301696235
"162","Maine","pengfei_REF2050",30.6522987070675,30.1375520052549,30.1286485357799,0.523650171287606
"163","Maryland","jie_2017NZ2050",39.567117561111,39.256192788654,38.9646181183716,0.602499442739401
"164","Maryland","jie_NEI2017",48.5372448540398,48.0196451380977,47.5264222045332,1.01082264950663
"165","Maryland","jie_RCP45NZ2050",41.9809436858911,41.5819145811788,41.1731762549147,0.80776743097632
"166","Maryland","jie_equityNZ2050scaled",37.2927825288509,36.4419693201609,35.7959255414298,1.49685698742105
"167","Maryland","jie_newNZ2050",44.7160068477883,44.4268448097498,44.1341173746291,0.581889473159208
"168","Maryland","pengfei_2017",47.1873062197735,46.2024908109317,45.405129406871,1.78217681290253
"169","Maryland","pengfei_NZ2050",39.9383366161465,39.1769885824875,38.5448945172645,1.39344209888196
"170","Maryland","pengfei_NZ2050RCP",42.7610286673752,42.2272037279631,41.7520817131693,1.00894695420593
"171","Maryland","pengfei_REF2050",43.1316600937705,42.1956827422614,41.4700315719376,1.66162852183288
"172","Massachusetts","jie_2017NZ2050",35.6354710227185,35.1469772152406,35.0115589777575,0.623912044960996
"173","Massachusetts","jie_NEI2017",41.0470740583183,40.3022024889389,40.1127656936572,0.934308364661057
"174","Massachusetts","jie_RCP45NZ2050",38.7872346991181,37.6339013088058,37.3893351603385,1.39789953877963
"175","Massachusetts","jie_equityNZ2050scaled",36.1076097891855,35.4026792433431,35.1955493928214,0.912060396364097
"176","Massachusetts","jie_newNZ2050",38.3429910311826,37.8064063715374,37.6940842429489,0.648906788233688
"177","Massachusetts","pengfei_2017",39.4581594727962,38.7463057655913,38.5754413105451,0.882718162251123
"178","Massachusetts","pengfei_NZ2050",36.9200312349684,36.2486311213826,36.0709906472323,0.84904058773607
"179","Massachusetts","pengfei_NZ2050RCP",38.6433008399307,37.8424120557668,37.6369090778744,1.00639176205627
"180","Massachusetts","pengfei_REF2050",38.3026875591785,37.6045022745241,37.4228959809977,0.879791578180786
"181","Michigan","jie_2017NZ2050",35.46301802226,34.2246703966967,33.971556665753,1.49146135650706
"182","Michigan","jie_NEI2017",39.4004485700496,37.8743771842579,37.5532259885483,1.84722258150136
"183","Michigan","jie_RCP45NZ2050",39.1240712238304,37.2048034127619,36.8234558933627,2.30061533046768
"184","Michigan","jie_equityNZ2050scaled",31.1255091170721,30.0736621535796,29.8538151251186,1.27169399195353
"185","Michigan","jie_newNZ2050",38.4064713421345,36.9392338453578,36.6392237956741,1.76724754646045
"186","Michigan","pengfei_2017",38.9211894885734,36.8990242710259,36.4772965827425,2.44389290583092
"187","Michigan","pengfei_NZ2050",36.0418886147948,34.2203260839945,33.8517835584592,2.19010505633553
"188","Michigan","pengfei_NZ2050RCP",38.2956100241633,36.7413278170626,36.418617974173,1.87699204999027
"189","Michigan","pengfei_REF2050",37.1578554532489,35.3493685412317,34.9733889013576,2.18446655189126
"190","Minnesota","jie_2017NZ2050",34.9018697343746,34.0867315542608,33.9744466817139,0.927423052660643
"191","Minnesota","jie_NEI2017",37.9143010421623,36.9432703252721,36.8038099904994,1.11049105166287
"192","Minnesota","jie_RCP45NZ2050",35.1363316881412,33.7887903530426,33.5921810325601,1.54415065558113
"193","Minnesota","jie_equityNZ2050scaled",31.0556584480275,29.9326476149969,29.7729645924293,1.2826938555982
"194","Minnesota","jie_newNZ2050",36.9468490994984,36.1985439812513,36.0890732450057,0.857775854492672
"195","Minnesota","pengfei_2017",36.0606942093309,34.6866729022714,34.4847475191977,1.57594669013319
"196","Minnesota","pengfei_NZ2050",34.371532230169,33.0573561806189,32.8617882908399,1.50974393932918
"197","Minnesota","pengfei_NZ2050RCP",36.006131788073,34.2907665682335,34.0317021113892,1.97442967668388
"198","Minnesota","pengfei_REF2050",34.8824972367916,33.5688366631928,33.3784327569472,1.50406447984435
"199","Mississippi","jie_2017NZ2050",34.6049772096941,34.3681965829711,34.234405628256,0.370571581438114
"200","Mississippi","jie_NEI2017",41.9345251229818,41.7880307211123,41.7100391947684,0.224485928213447
"201","Mississippi","jie_RCP45NZ2050",31.3064875033305,31.1229127123923,31.0109939797964,0.295493523534095
"202","Mississippi","jie_equityNZ2050scaled",28.6269395816707,28.4547683588395,28.3690940962002,0.257845485470501
"203","Mississippi","jie_newNZ2050",41.7023782743742,41.5165862528548,41.4076919145517,0.294686359822535
"204","Mississippi","pengfei_2017",37.4900609261383,37.6077806370693,37.6724390990546,-0.182378172916344
"205","Mississippi","pengfei_NZ2050",31.2072578075003,31.1634766466198,31.1405782885605,0.0666795189397789
"206","Mississippi","pengfei_NZ2050RCP",29.7927180577365,29.7669845521969,29.7554152038024,0.0373028539340936
"207","Mississippi","pengfei_REF2050",34.4462972304113,34.3901158286916,34.359680920338,0.0866163100732891
"208","Missouri","jie_2017NZ2050",39.3857590168161,37.4713887544648,37.1731619148257,2.21259710199042
"209","Missouri","jie_NEI2017",49.5257739135417,46.400372771715,45.8923570261337,3.63341688740802
"210","Missouri","jie_RCP45NZ2050",38.9277253845933,36.8622405477919,36.5485950702279,2.3791303143654
"211","Missouri","jie_equityNZ2050scaled",35.6553650547906,34.2770348573179,34.0359944330505,1.6193706217401
"212","Missouri","jie_newNZ2050",47.2109973644255,44.5213658749362,44.0988779080846,3.11211945634088
"213","Missouri","pengfei_2017",44.6297201211985,42.4491693899841,42.093519821763,2.53620029943543
"214","Missouri","pengfei_NZ2050",37.6226828566217,36.1144267971344,35.865251504898,1.75743135172371
"215","Missouri","pengfei_NZ2050RCP",40.4714127386681,37.723392706977,37.2726001666591,3.19881257200907
"216","Missouri","pengfei_REF2050",40.0944671321281,38.5989377010156,38.3535140480549,1.74095308407315
"217","Montana","jie_2017NZ2050",37.0249019607843,37.0349247763292,36.9923781656745,0.0325237951098174
"218","Montana","jie_NEI2017",39.5927941176471,39.5291635189957,39.5037430912903,0.089051026356799
"219","Montana","jie_RCP45NZ2050",34.8861764705882,35.0572355325277,35.0579275552417,-0.171751084653408
"220","Montana","jie_equityNZ2050scaled",35.9658609883038,36.2004036624237,36.1651048993257,-0.199243911021959
"221","Montana","jie_newNZ2050",39.039068627451,38.8315618014841,38.7948950100337,0.244173617417239
"222","Montana","pengfei_2017",39.0574186217304,39.0489812606497,39.0376325158123,0.0197861059181292
"223","Montana","pengfei_NZ2050",37.2899381076005,37.3233696847044,37.3049736878094,-0.015035580208874
"224","Montana","pengfei_NZ2050RCP",34.5366606750882,34.7072602974557,34.7047867931494,-0.168126118061153
"225","Montana","pengfei_REF2050",37.7409837721593,37.7983595654232,37.7809827795289,-0.0399990073696017
"226","Nebraska","jie_2017NZ2050",36.9773103369241,36.7152077620978,36.7043220245945,0.272988312329652
"227","Nebraska","jie_NEI2017",42.2293513637406,41.8328738104704,41.8189296489657,0.410421714774849
"228","Nebraska","jie_RCP45NZ2050",36.2443295897319,35.7847059090638,35.7547308745898,0.489598715142058
"229","Nebraska","jie_equityNZ2050scaled",33.5432827967184,33.3577886635967,33.3535417178678,0.189741078850574
"230","Nebraska","jie_newNZ2050",43.1593811597525,42.7442764508129,42.7383646397001,0.421016520052362
"231","Nebraska","pengfei_2017",41.3409112487558,40.8521947465698,40.8248928268516,0.516018421904221
"232","Nebraska","pengfei_NZ2050",36.3311638400699,36.1893435701509,36.1863673432646,0.144796496805299
"233","Nebraska","pengfei_NZ2050RCP",37.1897680797716,36.625182363618,36.5899488058155,0.599819273956058
"234","Nebraska","pengfei_REF2050",38.4022492770857,38.1618572625553,38.1525280819134,0.24972119517237
"235","Nevada","jie_2017NZ2050",33.7148828508089,34.8282554259841,35.2941753495573,-1.57929249874839
"236","Nevada","jie_NEI2017",40.0347153888628,40.1714804560684,40.223776961336,-0.189061572473186
"237","Nevada","jie_RCP45NZ2050",39.5086158017488,39.8890065709165,40.0647902381985,-0.556174436449716
"238","Nevada","jie_equityNZ2050scaled",32.6640306907204,33.8489193439544,34.347531061578,-1.68350037085758
"239","Nevada","jie_newNZ2050",36.448563552303,37.3484861612515,37.7237337984947,-1.27517024619172
"240","Nevada","pengfei_2017",40.4764791743257,40.923105599636,41.108540547433,-0.632061373107241
"241","Nevada","pengfei_NZ2050",37.9154800253327,38.6362877448782,38.9355215743911,-1.02004154905836
"242","Nevada","pengfei_NZ2050RCP",41.0298103745569,41.7114467950997,41.9889862037215,-0.959175829164593
"243","Nevada","pengfei_REF2050",39.3396160905493,39.9329411111628,40.1802488305853,-0.840632740035943
"244","New Hampshire","jie_2017NZ2050",32.6840353807138,32.4617069665607,32.435004582573,0.249030798140794
"245","New Hampshire","jie_NEI2017",36.181592132121,36.0308740937404,35.9993989811,0.182193151021004
"246","New Hampshire","jie_RCP45NZ2050",33.3911981196264,33.2184426451066,33.1925885344849,0.198609585141504
"247","New Hampshire","jie_equityNZ2050scaled",33.6827411954334,33.3763647802653,33.3416796842156,0.341061511217795
"248","New Hampshire","jie_newNZ2050",33.9323189212594,33.8313423904229,33.809725953877,0.122592967382339
"249","New Hampshire","pengfei_2017",35.1715239009235,34.9599288665356,34.9280093996343,0.243514501289177
"250","New Hampshire","pengfei_NZ2050",33.2496907365052,33.0169586613885,32.9865996488317,0.263091087673565
"251","New Hampshire","pengfei_NZ2050RCP",34.5817231582934,34.4415636464368,34.4188091649109,0.16291399338256
"252","New Hampshire","pengfei_REF2050",34.5282889636537,34.2746551915724,34.2420466880174,0.28624227563629
"253","New Jersey","jie_2017NZ2050",40.6251063275566,40.3831863958695,40.0471524040699,0.577953923486731
"254","New Jersey","jie_NEI2017",47.8587503641053,47.725233575602,47.3785703337403,0.480180030364991
"255","New Jersey","jie_RCP45NZ2050",44.020699047034,42.8633701224788,42.026810721223,1.99388832581108
"256","New Jersey","jie_equityNZ2050scaled",36.0983247766977,35.5516155594463,35.2549872877744,0.843337488923311
"257","New Jersey","jie_newNZ2050",45.990631558846,45.7032526759285,45.3944783886316,0.596153170214436
"258","New Jersey","pengfei_2017",45.6771764094207,45.3319904866501,45.0646289067174,0.612547502703329
"259","New Jersey","pengfei_NZ2050",41.594030605395,40.9454232080773,40.4749480157256,1.11908258966933
"260","New Jersey","pengfei_NZ2050RCP",44.6185631471701,43.901725789127,43.3640418361327,1.2545213110374
"261","New Jersey","pengfei_REF2050",42.7722194629818,42.349421494106,42.0222644135722,0.749955049409643
"262","New Mexico","jie_2017NZ2050",31.0319092445088,30.5197003301951,30.637805129391,0.394104115117862
"263","New Mexico","jie_NEI2017",36.8889022983882,36.3811362376177,36.4448812910944,0.444021007293735
"264","New Mexico","jie_RCP45NZ2050",34.0644782363827,34.0159990656304,34.0103896054933,0.054088630889332
"265","New Mexico","jie_equityNZ2050scaled",26.5308427204583,26.3098987166066,26.3923919478715,0.138450772586719
"266","New Mexico","jie_newNZ2050",33.3484887494301,32.6980330751506,32.8255353588161,0.522953390614013
"267","New Mexico","pengfei_2017",36.9628595575174,36.7503690024621,36.7894397056605,0.173419851856821
"268","New Mexico","pengfei_NZ2050",32.0862962667959,31.9246977134281,31.9750972049826,0.111199061813295
"269","New Mexico","pengfei_NZ2050RCP",33.571203323421,33.5887664056961,33.6024181632074,-0.0312148397863368
"270","New Mexico","pengfei_REF2050",33.7248363539925,33.4682310980268,33.5287365932018,0.196099760790695
"271","New York","jie_2017NZ2050",37.0391592437077,34.6647864546261,33.6532961786877,3.38586306501998
"272","New York","jie_NEI2017",44.2706985794984,40.796734222881,39.0274868507726,5.24321172872582
"273","New York","jie_RCP45NZ2050",37.3573913184181,35.6817806926963,35.0353580339108,2.32203328450727
"274","New York","jie_equityNZ2050scaled",39.4923634917961,38.9280689946301,37.0017526561853,2.49061083561086
"275","New York","jie_newNZ2050",41.9178183729183,38.8617807310836,37.3838554592518,4.53396291366655
"276","New York","pengfei_2017",43.6108090381107,41.4201386666941,39.3096749848576,4.30113405325309
"277","New York","pengfei_NZ2050",40.1309072252595,38.1147060009123,36.2393741597608,3.89153306549875
"278","New York","pengfei_NZ2050RCP",43.1819682918031,40.917091427562,39.0243671731647,4.15760111863841
"279","New York","pengfei_REF2050",41.253945863555,39.3463578131912,37.5194830791872,3.73446278436788
"280","North Carolina","jie_2017NZ2050",34.8451347580541,34.6056098225289,34.472537960378,0.372596797676096
"281","North Carolina","jie_NEI2017",45.22325846827,44.8010620176106,44.5645392077481,0.658719260521913
"282","North Carolina","jie_RCP45NZ2050",32.8337421155703,32.6699472890697,32.5771890562817,0.256553059288599
"283","North Carolina","jie_equityNZ2050scaled",32.2224537937418,32.1038520948123,32.0222944480693,0.200159345672517
"284","North Carolina","jie_newNZ2050",41.8447336851418,41.5128110997354,41.3023683305562,0.54236535458562
"285","North Carolina","pengfei_2017",44.0629409231597,43.6858440312738,43.4554342395291,0.607506683630668
"286","North Carolina","pengfei_NZ2050",35.459103561308,35.2452488883926,35.1076103695988,0.351493191709288
"287","North Carolina","pengfei_NZ2050RCP",33.5775389285197,33.1735891622831,32.951170053027,0.626368875492666
"288","North Carolina","pengfei_REF2050",38.6447478352306,38.3441073452553,38.1605355718608,0.484212263369848
"289","North Dakota","jie_2017NZ2050",35.7106618079229,35.7691097622321,35.7725993428025,-0.0619375348796254
"290","North Dakota","jie_NEI2017",38.2459151287175,38.2901582212683,38.3101795160409,-0.0642643873233624
"291","North Dakota","jie_RCP45NZ2050",32.2442165275655,32.2003880747175,32.1905215154679,0.0536950120976059
"292","North Dakota","jie_equityNZ2050scaled",31.628055847842,31.8971085930501,31.9293094229718,-0.301253575129795
"293","North Dakota","jie_newNZ2050",38.2108969084284,38.3218555954257,38.329331076924,-0.118434168495682
"294","North Dakota","pengfei_2017",35.0874826497596,35.2989614125166,35.3200231227812,-0.232540473021622
"295","North Dakota","pengfei_NZ2050",33.6609376865858,33.7695105746437,33.781357231711,-0.120419545125223
"296","North Dakota","pengfei_NZ2050RCP",32.1738372243159,32.2412154611885,32.2564698692646,-0.0826326449487169
"297","North Dakota","pengfei_REF2050",34.2971983612707,34.4260564960845,34.446621762829,-0.149423401558316
"298","Ohio","jie_2017NZ2050",37.412945692081,37.0903917877344,37.0323645188613,0.38058117321966
"299","Ohio","jie_NEI2017",44.1987038477811,44.0869387263608,44.0692116799108,0.129492167870247
"300","Ohio","jie_RCP45NZ2050",41.3716561558535,39.9802941508848,39.7141122104313,1.65754394542215
"301","Ohio","jie_equityNZ2050scaled",34.2331224278944,33.3129659135332,33.1506568044987,1.08246562339564
"302","Ohio","jie_newNZ2050",42.1395781098709,41.9405588885761,41.9032729079267,0.236305201944191
"303","Ohio","pengfei_2017",42.4193035276852,41.333193738857,41.1424888008042,1.27681472688102
"304","Ohio","pengfei_NZ2050",37.8058141051799,36.7342793816592,36.5360905563626,1.26972354881727
"305","Ohio","pengfei_NZ2050RCP",40.1058821788584,39.2266010934675,39.0677882983991,1.03809388045931
"306","Ohio","pengfei_REF2050",40.268077262655,39.1151345690976,38.9051964211964,1.36288084145856
"307","Oklahoma","jie_2017NZ2050",38.8197008107226,38.544709824906,38.5513404860942,0.268360324628425
"308","Oklahoma","jie_NEI2017",46.5583286420665,45.7794653116547,45.6743359943767,0.883992647689851
"309","Oklahoma","jie_RCP45NZ2050",36.4986213054033,36.1849334911945,36.1627933616818,0.335827943721505
"310","Oklahoma","jie_equityNZ2050scaled",34.9316595802144,34.4962297535691,34.4557140690802,0.475945511134142
"311","Oklahoma","jie_newNZ2050",44.836571084346,44.3613770262748,44.309827360469,0.526743723876969
"312","Oklahoma","pengfei_2017",43.2287814163322,42.774244974589,42.7244057465347,0.50437566979754
"313","Oklahoma","pengfei_NZ2050",36.2313539524175,35.8958163014967,35.8776977847402,0.353656167677329
"314","Oklahoma","pengfei_NZ2050RCP",36.2934462189306,35.949219632132,35.9505288705636,0.34291734836696
"315","Oklahoma","pengfei_REF2050",39.4310629978326,39.0217671921613,38.9945010216167,0.43656197621587
"316","Oregon","jie_2017NZ2050",27.7151976981111,27.5960863346672,27.5447025725691,0.170495125542015
"317","Oregon","jie_NEI2017",31.5749008755989,31.306939979782,31.2699049511444,0.304995924454492
"318","Oregon","jie_RCP45NZ2050",29.4377154578997,29.6611467414569,29.635351421025,-0.197635963125389
"319","Oregon","jie_equityNZ2050scaled",26.3982354406039,26.4339693693443,26.3903532112979,0.0078822293060341
"320","Oregon","jie_newNZ2050",30.1307409548984,29.9222156220164,29.876366877219,0.254374077679437
"321","Oregon","pengfei_2017",33.279766003134,33.0918072660587,33.0609926893403,0.218773313793704
"322","Oregon","pengfei_NZ2050",30.6726489632213,30.7162309791496,30.6721471442082,0.000501819013074112
"323","Oregon","pengfei_NZ2050RCP",30.4222033580411,30.0354136861718,29.9481401203803,0.474063237660712
"324","Oregon","pengfei_REF2050",31.5858549934062,31.4993472280156,31.4543183878126,0.131536605593549
"325","Pennsylvania","jie_2017NZ2050",39.0802357864419,37.561405956997,37.2316932821989,1.84854250424308
"326","Pennsylvania","jie_NEI2017",46.9139955958456,45.0155918628701,44.6090205123197,2.30497508352592
"327","Pennsylvania","jie_RCP45NZ2050",41.7762716057199,39.8847970818978,39.4919571284068,2.28431447731313
"328","Pennsylvania","jie_equityNZ2050scaled",37.1787400626607,35.0833172078998,34.6474525597312,2.53128750292942
"329","Pennsylvania","jie_newNZ2050",44.566409745388,42.689259376389,42.2792233382096,2.2871864071784
"330","Pennsylvania","pengfei_2017",46.1352175484966,43.3455184428289,42.7811723124903,3.35404523600632
"331","Pennsylvania","pengfei_NZ2050",40.1781908595429,37.4476064837153,36.8927589126968,3.28543194684609
"332","Pennsylvania","pengfei_NZ2050RCP",43.4642539147543,40.6005877987178,40.0421322340951,3.42212168065917
"333","Pennsylvania","pengfei_REF2050",42.4893093255407,40.028097362649,39.5343367771322,2.95497254840854
"334","Rhode Island","jie_2017NZ2050",35.421602143104,35.1101520823983,35.0031383988373,0.418463744266724
"335","Rhode Island","jie_NEI2017",42.4210024196336,41.9181093758581,41.7468600495482,0.674142370085377
"336","Rhode Island","jie_RCP45NZ2050",38.072433460076,37.4895263687132,37.2905233854159,0.781910074660196
"337","Rhode Island","jie_equityNZ2050scaled",33.7954742575382,33.2946101784203,33.1336431498836,0.661831107654585
"338","Rhode Island","jie_newNZ2050",40.1487054960249,39.7013413019889,39.5482519770154,0.60045351900947
"339","Rhode Island","pengfei_2017",39.6989678062656,39.2949458540834,39.1618821153527,0.537085690912903
"340","Rhode Island","pengfei_NZ2050",36.8563063443792,36.4093802491057,36.2621592947443,0.594147049634934
"341","Rhode Island","pengfei_NZ2050RCP",38.5064160260192,38.1724476579387,38.0634335042405,0.442982521778653
"342","Rhode Island","pengfei_REF2050",38.287943322421,37.902863874541,37.7749116995779,0.513031622843101
"343","South Carolina","jie_2017NZ2050",33.543925496076,33.8153988683635,33.9187949325507,-0.374869436474718
"344","South Carolina","jie_NEI2017",44.154482943403,44.3744884584354,44.4588867561888,-0.304403812785758
"345","South Carolina","jie_RCP45NZ2050",30.223014731093,30.5695992842669,30.6966259957765,-0.473611264683452
"346","South Carolina","jie_equityNZ2050scaled",29.0756130757472,29.5824930622604,29.7817578413561,-0.706144765608872
"347","South Carolina","jie_newNZ2050",41.109463684673,41.2974049156381,41.3664348156668,-0.256971130993733
"348","South Carolina","pengfei_2017",41.0241366085487,41.6366356043183,41.867077985768,-0.84294137721939
"349","South Carolina","pengfei_NZ2050",32.980727338461,33.367094048195,33.5141215259545,-0.533394187493499
"350","South Carolina","pengfei_NZ2050RCP",32.0235425552902,32.0989557841587,32.1229548123795,-0.0994122570892912
"351","South Carolina","pengfei_REF2050",35.9192387413822,36.38554797027,36.5659241606193,-0.646685419237109
"352","South Dakota","jie_2017NZ2050",35.2845717884131,35.3714606683781,35.3988252210575,-0.114253432644411
"353","South Dakota","jie_NEI2017",37.9799888049258,37.9360980964271,37.9573054312142,0.0226833737116863
"354","South Dakota","jie_RCP45NZ2050",32.9861041141898,32.8542732195211,32.8851711198645,0.100932994325277
"355","South Dakota","jie_equityNZ2050scaled",31.545743623943,32.1315604701779,32.0865646340932,-0.540821010150257
"356","South Dakota","jie_newNZ2050",39.0712916316821,38.7022278489299,38.7769596851044,0.294331946577664
"357","South Dakota","pengfei_2017",36.2554594032375,36.6468139609139,36.6020217550439,-0.346562351806391
"358","South Dakota","pengfei_NZ2050",34.06272153743,34.4513020034489,34.4062040819479,-0.34348254451789
"359","South Dakota","pengfei_NZ2050RCP",34.3256638573482,34.0286893615813,34.0737356528817,0.251928204466488
"360","South Dakota","pengfei_REF2050",34.9034047435551,35.347416696992,35.305376486021,-0.401971742465904
"361","Tennessee","jie_2017NZ2050",38.9296379460622,37.6723198341887,37.3474478289767,1.58219011708549
"362","Tennessee","jie_NEI2017",47.1960295436887,46.5213614311497,46.2944053426002,0.90162420108846
"363","Tennessee","jie_RCP45NZ2050",36.6866141760939,35.9045372853258,35.683195206749,1.00341896934497
"364","Tennessee","jie_equityNZ2050scaled",33.4568051559887,33.5558322011968,33.5625726668356,-0.105767510846846
"365","Tennessee","jie_newNZ2050",45.9680178106445,44.463840908991,44.0650728695981,1.90294494104641
"366","Tennessee","pengfei_2017",43.194762055445,42.6405100884817,42.4634367185097,0.731325336935313
"367","Tennessee","pengfei_NZ2050",36.0172447953309,35.7387994628186,35.6487939918581,0.368450803472797
"368","Tennessee","pengfei_NZ2050RCP",35.3161245838358,34.9153420715569,34.7911511995905,0.524973384245342
"369","Tennessee","pengfei_REF2050",39.3149714490965,38.9517724209689,38.8325427521775,0.48242869691898
"370","Texas","jie_2017NZ2050",36.1087887485613,35.2215371173013,35.5184651464639,0.590323602097392
"371","Texas","jie_NEI2017",42.7243931739138,40.7389484942384,41.2793052065107,1.44508796740311
"372","Texas","jie_RCP45NZ2050",33.1257246746037,32.1545957360739,32.5711024199495,0.554622254654141
"373","Texas","jie_equityNZ2050scaled",28.9553635436515,28.2481269845391,28.6836119898735,0.271751553777939
"374","Texas","jie_newNZ2050",41.2266508326607,39.5093770035841,39.9883624276753,1.23828840498542
"375","Texas","pengfei_2017",40.1427331255629,38.2779536375562,38.7293775009213,1.41335562464162
"376","Texas","pengfei_NZ2050",32.9960403395507,32.2388772916147,32.3447011351601,0.651339204390638
"377","Texas","pengfei_NZ2050RCP",30.9165339399686,30.4122845073539,30.7364527033546,0.180081236613983
"378","Texas","pengfei_REF2050",36.562775426009,35.3401796811635,35.6830849674836,0.879690458525367
"379","Utah","jie_2017NZ2050",34.4760042883269,33.8245734635385,33.7522169537101,0.72378733461678
"380","Utah","jie_NEI2017",42.3918238002144,41.5195820826129,41.4009154386195,0.990908361594933
"381","Utah","jie_RCP45NZ2050",41.9407107271237,41.1276544861772,41.0487482903173,0.891962436806345
"382","Utah","jie_equityNZ2050scaled",38.1487298612357,37.1356291084271,37.0312692067581,1.11746065447758
"383","Utah","jie_newNZ2050",38.8872769124046,37.9980731751227,37.8803874505593,1.00688946184536
"384","Utah","pengfei_2017",45.4652156403661,44.3581229699341,44.2008326918877,1.26438294847839
"385","Utah","pengfei_NZ2050",41.2105734733159,40.2500154449803,40.1569802176607,1.0535932556552
"386","Utah","pengfei_NZ2050RCP",42.0627703144895,41.1861797646756,41.1136832087414,0.949087105748099
"387","Utah","pengfei_REF2050",42.5012304413947,41.4783077369346,41.3659143613938,1.1353160800009
"388","Vermont","jie_2017NZ2050",30.1687151579506,30.2621715687216,30.2646803593382,-0.095965201387564
"389","Vermont","jie_NEI2017",32.9718343509424,33.0625449061533,33.0642682742564,-0.092433923313969
"390","Vermont","jie_RCP45NZ2050",31.0943854526148,31.0100722660878,31.003674425313,0.0907110273018006
"391","Vermont","jie_equityNZ2050scaled",29.189497574711,29.3347190336809,29.338228119086,-0.148730544375066
"392","Vermont","jie_newNZ2050",31.5499469073533,31.6281242195455,31.6296895282313,-0.0797426208779299
"393","Vermont","pengfei_2017",30.4083134035652,30.585018539625,30.5897328194058,-0.181419415840583
"394","Vermont","pengfei_NZ2050",28.9771614106013,29.1223156923347,29.12570433148,-0.148542920878672
"395","Vermont","pengfei_NZ2050RCP",32.1011992589448,32.0410258010095,32.0351540363091,0.066045222635708
"396","Vermont","pengfei_REF2050",30.2894401049695,30.4877061589508,30.4931655888755,-0.203725483905995
"397","Virginia","jie_2017NZ2050",33.8131649959615,34.1689084995946,33.9886571150381,-0.175492119076623
"398","Virginia","jie_NEI2017",41.7402971040194,42.1212311880345,41.8670247779763,-0.126727673956886
"399","Virginia","jie_RCP45NZ2050",33.5885766023447,34.3305514662288,33.9697619015352,-0.381185299190498
"400","Virginia","jie_equityNZ2050scaled",37.9632389051732,37.5513426879108,36.7610178932238,1.20222101194948
"401","Virginia","jie_newNZ2050",38.6298050671254,39.0117963861136,38.8533341210204,-0.223529053895071
"402","Virginia","pengfei_2017",45.7451122741817,44.9952918247515,44.2338887778833,1.5112234962985
"403","Virginia","pengfei_NZ2050",38.229320986917,37.9186189649303,37.3104389073797,0.918882079537333
"404","Virginia","pengfei_NZ2050RCP",37.5342081326287,37.8863037920985,37.2700820079427,0.264126124686065
"405","Virginia","pengfei_REF2050",41.3504798010928,40.8025224579546,40.1173875743837,1.23309222670911
"406","Washington","jie_2017NZ2050",29.7946904448675,30.1506336779514,30.1102262289457,-0.315535784078232
"407","Washington","jie_NEI2017",32.6890275553153,33.0084522006866,32.9656956078218,-0.276668052506515
"408","Washington","jie_RCP45NZ2050",31.7248629785813,31.7258605653276,31.6504056597624,0.0744573188188937
"409","Washington","jie_equityNZ2050scaled",29.643870368228,29.7830009350477,29.6812978928529,-0.0374275246249418
"410","Washington","jie_newNZ2050",31.8529321987417,32.2902207918112,32.2485141803969,-0.395581981655262
"411","Washington","pengfei_2017",34.0485355926028,34.2359803611759,34.1481031532289,-0.0995675606260704
"412","Washington","pengfei_NZ2050",32.7023602033518,32.7428081968241,32.625505410387,0.0768547929648236
"413","Washington","pengfei_NZ2050RCP",32.19105631806,31.9794098476636,31.8766999441677,0.314356373892341
"414","Washington","pengfei_REF2050",33.0965036693416,33.2300999240681,33.1218072968984,-0.0253036275567737
"415","West Virginia","jie_2017NZ2050",35.5624025832893,35.5866339692614,35.5798105714422,-0.0174079881528826
"416","West Virginia","jie_NEI2017",44.2121231409321,44.471265372163,44.4716733327945,-0.259550191862374
"417","West Virginia","jie_RCP45NZ2050",34.8460645201354,35.0716110195591,35.0666566561665,-0.22059213603108
"418","West Virginia","jie_equityNZ2050scaled",32.2500964543347,32.308004904567,32.3038064610858,-0.0537100067511815
"419","West Virginia","jie_newNZ2050",40.9321700251498,40.8311030392908,40.8142315682402,0.11793845690957
"420","West Virginia","pengfei_2017",40.9764280222761,41.1852040302433,41.1744858761243,-0.198057853848248
"421","West Virginia","pengfei_NZ2050",33.7379218850978,33.7654937919685,33.758675959583,-0.0207540744851542
"422","West Virginia","pengfei_NZ2050RCP",35.6466679539187,35.8919316965795,35.8872285149957,-0.240560561076961
"423","West Virginia","pengfei_REF2050",36.2965446699668,36.3414708337801,36.3311585190192,-0.0346138490524126
"424","Wisconsin","jie_2017NZ2050",33.6373793491398,33.2119368748392,33.1488627140424,0.488516635097383
"425","Wisconsin","jie_NEI2017",35.8712030833152,35.4532781257412,35.3912316927066,0.479971390608632
"426","Wisconsin","jie_RCP45NZ2050",38.1348000802018,35.0600527101444,34.6784319156485,3.45636816455329
"427","Wisconsin","jie_equityNZ2050scaled",30.1884331798134,28.3927643397322,28.1803485316943,2.00808464811912
"428","Wisconsin","jie_newNZ2050",36.1894044456326,35.3440860373642,35.2362334095207,0.953171036111925
"429","Wisconsin","pengfei_2017",36.3046163246382,33.9394972869376,33.6541979311074,2.65041839353088
"430","Wisconsin","pengfei_NZ2050",33.4685071322967,31.7173453118952,31.5073184667147,1.96118866558201
"431","Wisconsin","pengfei_NZ2050RCP",38.1849765885061,35.304101243213,34.944930964395,3.24004562411115
"432","Wisconsin","pengfei_REF2050",34.3529489965369,32.6044718038689,32.3915581633955,1.9613908331414
"433","Wyoming","jie_2017NZ2050",32.667155931618,33.6515643004115,33.7297933795202,-1.06263744790218
"434","Wyoming","jie_NEI2017",38.1213780003454,38.3549242112483,38.3803771566191,-0.258999156273688
"435","Wyoming","jie_RCP45NZ2050",35.9550682092903,36.1431102537723,36.1110822047654,-0.156013995475135
"436","Wyoming","jie_equityNZ2050scaled",33.5025387648714,34.4375887804897,34.462588499913,-0.960049735041508
"437","Wyoming","jie_newNZ2050",35.3851148333621,35.8212153635117,35.8768216082957,-0.491706774933625
"438","Wyoming","pengfei_2017",39.5794988700587,39.756070101215,39.7504446481498,-0.170945778091095
"439","Wyoming","pengfei_NZ2050",35.6448355374944,36.3881210423572,36.4053400241371,-0.760504486642681
"440","Wyoming","pengfei_NZ2050RCP",37.4663779642393,37.4779948433826,37.4322317131689,0.0341462510704389
"441","Wyoming","pengfei_REF2050",36.9431643603557,37.4474074720967,37.4584762936478,-0.51531193329204
