"","STNAME","scenario","black","total","white","disparity"
"1","Alabama","elec_2017",6.91389677342156,6.73811609409456,6.66931135404022,0.244585419381341
"2","Alabama","nz2050_2017",7.14743645086816,6.96887452258698,6.89876049909015,0.248675951778012
"3","Alabama","nz_2016meteo",7.69528808580679,7.53268946463085,7.46932731482839,0.225960770978398
"4","Alabama","nz_equity_2017",6.83424695372551,6.77162941700812,6.74651477354367,0.08773218018184
"5","Alabama","ref2017",7.42842517566513,7.33965735671733,7.30116540171803,0.127259773947101
"6","Alabama","ref2050_2017",7.81146939467322,7.61932014315506,7.5431557964405,0.268313598232716
"7","Alabama","ref_2016meteo",8.1303720292399,8.07757897839302,8.0529623100478,0.0774097191921026
"8","Arizona","elec_2017",4.32393587671806,4.16972134958058,4.18431356573413,0.139622310983932
"9","Arizona","nz2050_2017",4.39315602590787,4.23486450810051,4.25007216588716,0.143083860020708
"10","Arizona","nz_2016meteo",4.01786598561271,3.86253150173958,3.86471266298273,0.153153322629982
"11","Arizona","nz_equity_2017",4.1773398232235,4.05622004323888,4.06983340735137,0.107506415872134
"12","Arizona","ref2017",4.55211278510045,4.35712881733658,4.37731000716138,0.17480277793907
"13","Arizona","ref2050_2017",4.60853811329478,4.43514930888622,4.45149538185563,0.157042731439144
"14","Arizona","ref_2016meteo",4.16179738727218,3.97295026224771,3.97886431786909,0.18293306940309
"15","Arkansas","elec_2017",7.39720321511155,7.71544236185181,7.75072752361992,-0.353524308508367
"16","Arkansas","nz2050_2017",7.61745460562036,7.9316741191008,7.96567110428977,-0.348216498669411
"17","Arkansas","nz_2016meteo",9.07336461452141,8.81365760274688,8.78199351486598,0.291371099655425
"18","Arkansas","nz_equity_2017",7.42339747306103,7.85946357026174,7.91377065802794,-0.49037318496691
"19","Arkansas","ref2017",8.61725245824088,9.13886229585617,9.18780565999162,-0.570553201750743
"20","Arkansas","ref2050_2017",8.20498320321413,8.49986491025061,8.5290760102453,-0.324092807031171
"21","Arkansas","ref_2016meteo",10.2777806998738,10.1999656993045,10.1779442970936,0.0998364027802126
"22","California","elec_2017",8.99497123085728,8.97392370116393,9.08210916538673,-0.0871379345294514
"23","California","nz2050_2017",9.21594239256714,9.18208623443297,9.28527195506097,-0.0693295624938326
"24","California","nz_2016meteo",7.46911732084338,7.43547320309284,7.66566379782442,-0.196546476981039
"25","California","nz_equity_2017",8.90641345704211,8.8886952504473,9.08381364572689,-0.17740018868478
"26","California","ref2017",9.72039570461146,9.69269402502228,9.7984927462841,-0.0780970416726401
"27","California","ref2050_2017",9.80019055324436,9.7212430339839,9.81196552201724,-0.0117749687728814
"28","California","ref_2016meteo",7.94948823838042,7.93064038039208,8.15521697696825,-0.205728738587838
"29","Colorado","elec_2017",5.0690492910961,4.06250489905694,3.87018638196808,1.19886290912802
"30","Colorado","nz2050_2017",5.19950609442218,4.16613780314498,3.96829967473834,1.23120641968384
"31","Colorado","nz_2016meteo",5.62388771470541,4.43251126366084,4.18385608271551,1.44003163198991
"32","Colorado","nz_equity_2017",4.39405593466087,3.79809850292043,3.66873698869747,0.725318945963398
"33","Colorado","ref2017",5.52558594260089,4.43627101630697,4.23450637507845,1.29107956752245
"34","Colorado","ref2050_2017",5.73328585636711,4.54302476596717,4.31756812861129,1.41571772775583
"35","Colorado","ref_2016meteo",6.0329727832492,4.74671773395865,4.49005422012567,1.54291856312353
"36","Connecticut","elec_2017",4.93802837679991,4.86364313921519,4.83346176568905,0.104566611110856
"37","Connecticut","nz2050_2017",5.16449030946435,5.08300662790258,5.05004775342043,0.114442556043916
"38","Connecticut","nz_2016meteo",5.68514460515643,5.59972452031239,5.56428472255666,0.120859882599771
"39","Connecticut","nz_equity_2017",4.9402679549361,4.90015941928189,4.88518029500622,0.0550876599298862
"40","Connecticut","ref2017",5.99293162369073,5.87436319439843,5.82750427474261,0.16542734894812
"41","Connecticut","ref2050_2017",6.31849689626609,6.20630836137129,6.16293453813928,0.155562358126818
"42","Connecticut","ref_2016meteo",6.58956379231766,6.46316102707319,6.41224297238886,0.177320819928807
"43","Delaware","elec_2017",5.43260053698962,5.34184963098512,5.29408765859061,0.13851287839901
"44","Delaware","nz2050_2017",5.6595965346641,5.56142349985959,5.50972780671044,0.149868727953661
"45","Delaware","nz_2016meteo",6.72189186515754,6.6125373604682,6.55500393340634,0.166887931751193
"46","Delaware","nz_equity_2017",5.50278494970589,5.41975927458144,5.37587357474474,0.126911374961154
"47","Delaware","ref2017",6.66440930865629,6.54731709577686,6.48641782054707,0.177991488109219
"48","Delaware","ref2050_2017",6.52142417168855,6.39974032744979,6.33570889529495,0.185715276393601
"49","Delaware","ref_2016meteo",7.85742181361661,7.73309934269123,7.66793239384029,0.18948941977632
"50","District of Columbia","elec_2017",7.46667385101318,7.46667385101318,7.46667385101318,8.88178419700125e-16
"51","District of Columbia","nz2050_2017",7.7642936706543,7.7642936706543,7.7642936706543,-8.88178419700125e-16
"52","District of Columbia","nz_2016meteo",8.83273696899414,8.83273696899414,8.83273696899414,0
"53","District of Columbia","nz_equity_2017",7.46083736419678,7.46083736419678,7.46083736419678,0
"54","District of Columbia","ref2017",9.2368803024292,9.2368803024292,9.2368803024292,0
"55","District of Columbia","ref2050_2017",8.84317874908447,8.84317874908447,8.84317874908447,0
"56","District of Columbia","ref_2016meteo",10.5145168304443,10.5145168304443,10.5145168304443,0
"57","Florida","elec_2017",5.10244886811265,4.99574133775115,5.05704826952268,0.045400598589973
"58","Florida","nz2050_2017",5.18202880305217,5.07440570882684,5.14271631331349,0.0393124897386761
"59","Florida","nz_2016meteo",5.65630396952215,5.60117980026584,5.72659112067025,-0.0702871511480918
"60","Florida","nz_equity_2017",5.06459818620272,4.99247108934733,5.12107566529524,-0.0564774790925187
"61","Florida","ref2017",5.63084904488697,5.54889842181794,5.65032093859491,-0.0194718937079346
"62","Florida","ref2050_2017",5.41778185403675,5.30545612289696,5.38979469231916,0.0279871617175926
"63","Florida","ref_2016meteo",6.27172238212154,6.24963885327747,6.41675664360029,-0.145034261478748
"64","Georgia","elec_2017",6.52957390016115,6.36365575737426,6.25348571883398,0.276088181327172
"65","Georgia","nz2050_2017",6.75217223185386,6.58336959548128,6.4689646147417,0.283207617112162
"66","Georgia","nz_2016meteo",7.1537669321144,6.95919057009647,6.84807888004116,0.305688052073243
"67","Georgia","nz_equity_2017",6.67909370356505,6.54562787671273,6.46161461848776,0.217479085077297
"68","Georgia","ref2017",8.03895820049225,7.86526872965958,7.7038215222003,0.33513667829195
"69","Georgia","ref2050_2017",7.36779150058078,7.1858117255616,7.05789279827517,0.309898702305611
"70","Georgia","ref_2016meteo",8.65705657316141,8.45995620368229,8.30365386963019,0.353402703531218
"71","Idaho","elec_2017",5.00942582457218,4.83470590302624,4.7763617939441,0.233064030628079
"72","Idaho","nz2050_2017",5.13698551867502,4.95651893700926,4.8965804373421,0.240405081332916
"73","Idaho","nz_2016meteo",4.42536759763213,4.30297277093091,4.25446156163717,0.170906035994965
"74","Idaho","nz_equity_2017",4.93444514277023,4.80000181739149,4.74450420397227,0.189940938797957
"75","Idaho","ref2017",5.80569647450537,5.46624866895013,5.40050643317731,0.405190041328057
"76","Idaho","ref2050_2017",5.39937956210455,5.20241548294212,5.14002670378091,0.259352858323643
"77","Idaho","ref_2016meteo",4.97962292639913,4.7201953301259,4.66744311369558,0.312179812703548
"78","Illinois","elec_2017",9.25233441150849,8.73471383576223,8.44281568695842,0.809518724550069
"79","Illinois","nz2050_2017",9.6415426140633,9.09799260986061,8.78784345608958,0.853699157973718
"80","Illinois","nz_2016meteo",10.839520070341,10.2125506040958,9.85230431701592,0.987215753325067
"81","Illinois","nz_equity_2017",8.30594295032759,8.19076582598506,8.11639309314095,0.189549857186636
"82","Illinois","ref2017",10.3133545987505,9.80304027790404,9.49217291944845,0.821181679302001
"83","Illinois","ref2050_2017",10.9373461363675,10.272831291595,9.89012814287036,1.04721799349713
"84","Illinois","ref_2016meteo",11.6353305940703,11.0396725973612,10.6839714554916,0.951359138578665
"85","Indiana","elec_2017",6.97915286164483,6.49453618319007,6.39561518482955,0.583537676815276
"86","Indiana","nz2050_2017",7.31142630616385,6.79629495172822,6.69162049793613,0.61980580822772
"87","Indiana","nz_2016meteo",8.11269820347767,7.6402429491701,7.5455679317521,0.567130271725572
"88","Indiana","nz_equity_2017",6.93927914380492,6.71047205102418,6.65905543937564,0.280223704429274
"89","Indiana","ref2017",8.53090936072106,7.96599711443575,7.85939321167296,0.671516149048105
"90","Indiana","ref2050_2017",8.44095647614898,7.79588276602057,7.66451050317801,0.776445972970968
"91","Indiana","ref_2016meteo",9.56296533038683,9.04000473137017,8.94445967897085,0.618505651415983
"92","Iowa","elec_2017",7.02651026658723,6.91264987435745,6.89619124693603,0.130319019651201
"93","Iowa","nz2050_2017",7.34141778270654,7.21800353164779,7.20116251960855,0.140255263097989
"94","Iowa","nz_2016meteo",7.53635896219556,7.29809381126609,7.28280199504626,0.253556967149294
"95","Iowa","nz_equity_2017",7.16653514115665,7.11506649277395,7.1035785235051,0.0629566176515555
"96","Iowa","ref2017",8.37856586393542,8.22490475646391,8.2047335803869,0.173832283548515
"97","Iowa","ref2050_2017",8.18748151791497,8.01594413856845,7.99681483538851,0.19066668252646
"98","Iowa","ref_2016meteo",8.74668797648192,8.45922586098511,8.43994783440366,0.306740142078263
"99","Kansas","elec_2017",8.95435657052765,8.62485056698269,8.65762613891345,0.296730431614193
"100","Kansas","nz2050_2017",9.18884789807437,8.8379358290463,8.869813288568,0.319034609506364
"101","Kansas","nz_2016meteo",9.28178968545177,8.8519438998883,8.85218540751059,0.429604277941177
"102","Kansas","nz_equity_2017",8.91013700635882,8.70900763706995,8.76140647093825,0.148730535420565
"103","Kansas","ref2017",10.2091468783822,9.78031836830793,9.81339454983638,0.395752328545795
"104","Kansas","ref2050_2017",9.90077183706777,9.44893865415225,9.47265888108605,0.428112955981716
"105","Kansas","ref_2016meteo",10.5113873420945,9.99460039726961,9.99578123495015,0.515606107144365
"106","Kentucky","elec_2017",5.84244634946718,5.63685312725306,5.60990261695626,0.232543732510917
"107","Kentucky","nz2050_2017",6.07397432368458,5.85722882522067,5.8287349425719,0.245239381112674
"108","Kentucky","nz_2016meteo",7.29438552784107,6.96348605467902,6.91911874706643,0.375266780774642
"109","Kentucky","nz_equity_2017",5.90476538912023,5.82121388075339,5.81009024583428,0.0946751432859507
"110","Kentucky","ref2017",7.55929511514877,7.09797702603516,7.03755834749706,0.521736767651713
"111","Kentucky","ref2050_2017",6.78968326252305,6.52997546304359,6.49565598180167,0.294027280721373
"112","Kentucky","ref_2016meteo",9.10928544225401,8.48251862934701,8.39937097356365,0.709914468690364
"113","Louisiana","elec_2017",6.54172272805358,6.43544316597244,6.40463918082149,0.13708354723209
"114","Louisiana","nz2050_2017",6.71868659698367,6.60574257076407,6.57306639089958,0.14562020608409
"115","Louisiana","nz_2016meteo",7.56327689064816,7.45601695053132,7.44685899022348,0.116417900424675
"116","Louisiana","nz_equity_2017",6.56551857799777,6.51110197263165,6.51386524554276,0.0516533324550146
"117","Louisiana","ref2017",7.67183491246853,7.48868234280881,7.41885412291738,0.252980789551143
"118","Louisiana","ref2050_2017",7.16742269122063,7.03532468245202,6.99624700561487,0.17117568560576
"119","Louisiana","ref_2016meteo",8.73558699878764,8.55683422722845,8.51069028669092,0.22489671209672
"120","Maine","elec_2017",3.31746104703176,3.18427976339149,3.1819026307642,0.135558416267556
"121","Maine","nz2050_2017",3.40096867575907,3.26092528951616,3.25840485238627,0.142563823372794
"122","Maine","nz_2016meteo",3.48367693508021,3.32848282519912,3.32579431433792,0.157882620742289
"123","Maine","nz_equity_2017",3.22395329172347,3.14460313992974,3.1437389545894,0.0802143371340689
"124","Maine","ref2017",4.68996283023949,4.29331855571032,4.28441553430166,0.405547295937824
"125","Maine","ref2050_2017",4.04475864230886,3.83038874421901,3.82619621016908,0.218562432139776
"126","Maine","ref_2016meteo",4.74328918037735,4.32492414733207,4.31586753216077,0.427421648216585
"127","Maryland","elec_2017",6.44105587518411,6.05373365182182,5.83957750680148,0.601478368382638
"128","Maryland","nz2050_2017",6.70713615460321,6.30800342622357,6.08471113369519,0.622425020908017
"129","Maryland","nz_2016meteo",7.67126959098914,7.26594740639313,7.02997359396398,0.641295997025162
"130","Maryland","nz_equity_2017",6.23078214156584,6.03967249031925,5.91556857896039,0.315213562605448
"131","Maryland","ref2017",8.01710781562195,7.73994615986658,7.50213161390611,0.514976201715843
"132","Maryland","ref2050_2017",7.73545576802573,7.26652877099864,7.00681973597014,0.728636032055588
"133","Maryland","ref_2016meteo",9.19941734859893,8.92235502372112,8.66521480057429,0.534202548024636
"134","Massachusetts","elec_2017",5.43884228607642,4.84867844636435,4.72685032698145,0.711991959094971
"135","Massachusetts","nz2050_2017",5.66003878352363,5.03760175831495,4.90895654524104,0.751082238282593
"136","Massachusetts","nz_2016meteo",5.95997275561507,5.3216248267414,5.18972665492759,0.770246100687484
"137","Massachusetts","nz_equity_2017",4.84828828837324,4.65017203040914,4.60486355292606,0.243424735447175
"138","Massachusetts","ref2017",6.81920396760081,6.072147053186,5.91086196413269,0.908342003468125
"139","Massachusetts","ref2050_2017",6.83098817783078,6.1053910409409,5.9514966683794,0.879491509451381
"140","Massachusetts","ref_2016meteo",7.14388496736855,6.39582411542059,6.23388425563693,0.910000711731627
"141","Michigan","elec_2017",6.56953047805614,5.86460448992684,5.72340823148601,0.846122246570125
"142","Michigan","nz2050_2017",6.92546657488123,6.16161905261766,6.00829812641499,0.917168448466239
"143","Michigan","nz_2016meteo",7.44103731236105,6.68764053555411,6.53311668479925,0.907920627561803
"144","Michigan","nz_equity_2017",6.12446743179953,5.76795563686531,5.69227591049131,0.432191521308221
"145","Michigan","ref2017",8.13644777845869,7.31285433438936,7.14275120079173,0.993696577666964
"146","Michigan","ref2050_2017",8.0798928492535,7.13749717000599,6.94755743988371,1.13233540936979
"147","Michigan","ref_2016meteo",8.68096715339098,7.87745213340699,7.70762058594046,0.973346567450521
"148","Minnesota","elec_2017",7.08174043104736,6.60960867132247,6.53586734353726,0.545873087510102
"149","Minnesota","nz2050_2017",7.41276344032843,6.90327160531406,6.82374926042153,0.589014179906906
"150","Minnesota","nz_2016meteo",7.55393615072084,6.98502266593784,6.89854006587032,0.655396084850514
"151","Minnesota","nz_equity_2017",6.72484798887387,6.49559739470701,6.46332608175508,0.261521907118787
"152","Minnesota","ref2017",9.56555807526251,8.6162972335632,8.46959513853177,1.09596293673075
"153","Minnesota","ref2050_2017",8.70416618289132,7.97818841649868,7.86429606303353,0.83987011985779
"154","Minnesota","ref_2016meteo",9.83361334147774,8.81019230337735,8.65528917647276,1.17832416500498
"155","Mississippi","elec_2017",6.11631336884812,6.05748506842975,6.0211329488313,0.0951804200168205
"156","Mississippi","nz2050_2017",6.29315150446196,6.23230601408087,6.19509037579144,0.0980611286705146
"157","Mississippi","nz_2016meteo",7.59301542042045,7.48332865746443,7.41497009131647,0.178045329103987
"158","Mississippi","nz_equity_2017",6.24964766335192,6.18300298227459,6.14535249240856,0.104295170943355
"159","Mississippi","ref2017",7.15427558537066,7.12343934749217,7.10240557418265,0.0518700111880133
"160","Mississippi","ref2050_2017",6.76026334292098,6.6947015724217,6.65539751822819,0.10486582469279
"161","Mississippi","ref_2016meteo",8.68394532153083,8.61729792620346,8.57279938900294,0.111145932527883
"162","Missouri","elec_2017",9.06512463028413,8.5211850736948,8.42089292576165,0.644231704522477
"163","Missouri","nz2050_2017",9.3486130532245,8.76494645845851,8.65837513231665,0.690237920907842
"164","Missouri","nz_2016meteo",10.1974316848625,9.30693064234115,9.14966421612014,1.04776746874237
"165","Missouri","nz_equity_2017",8.93691989103532,8.60904008866967,8.54531473075109,0.391605160284229
"166","Missouri","ref2017",10.7324748931463,10.0745717974065,9.95057321368462,0.781901679461662
"167","Missouri","ref2050_2017",10.267732827267,9.5148978362272,9.38146951863465,0.886263308632364
"168","Missouri","ref_2016meteo",11.8142480845767,10.8270462851859,10.6481865797796,1.16606150479707
"169","Montana","elec_2017",3.24469646660156,3.19925752161308,3.17223589415035,0.0724605724512148
"170","Montana","nz2050_2017",3.28643136281395,3.23992804696024,3.21290057723407,0.0735307855798712
"171","Montana","nz_2016meteo",3.6208998549768,3.47551122316248,3.4408431377667,0.180056717210101
"172","Montana","nz_equity_2017",3.24409493031133,3.20707464958985,3.18091879508329,0.0631761352280371
"173","Montana","ref2017",3.43833491429689,3.39168084263266,3.36638270498428,0.0719522093126117
"174","Montana","ref2050_2017",3.37767280364979,3.32784770903152,3.30079192438184,0.0768808792679461
"175","Montana","ref_2016meteo",3.77055379376369,3.62156420694983,3.58821272865349,0.182341065110197
"176","Nebraska","elec_2017",8.7225549694152,7.85923101089323,7.78749688733756,0.93505808207764
"177","Nebraska","nz2050_2017",8.9739061694204,8.07423881865148,7.99917641160331,0.974729757817085
"178","Nebraska","nz_2016meteo",8.34759076162468,7.4870337390548,7.41562534680322,0.931965414821462
"179","Nebraska","nz_equity_2017",8.64040840070749,7.90732133433063,7.84640763728165,0.794000763425835
"180","Nebraska","ref2017",10.1281003781681,8.97448288046434,8.87796268996716,1.2501376882009
"181","Nebraska","ref2050_2017",9.68083807746587,8.65009955237777,8.56347656922783,1.11736150823804
"182","Nebraska","ref_2016meteo",9.61445023885081,8.5057075639674,8.41398318248847,1.20046705636234
"183","Nevada","elec_2017",5.12646932555676,4.83763681681842,4.71442410890537,0.412045216651395
"184","Nevada","nz2050_2017",5.19937387860516,4.90574182297359,4.78039379449808,0.418980084107084
"185","Nevada","nz_2016meteo",4.04228163116573,4.21299704028944,4.27509487911197,-0.232813247946247
"186","Nevada","nz_equity_2017",5.05591339087951,4.81458958541725,4.71232994835204,0.343583442527468
"187","Nevada","ref2017",5.15248850598174,4.87185016102068,4.75106340237092,0.401425103610823
"188","Nevada","ref2050_2017",5.42217384564058,5.11010908813046,4.97672443253623,0.445449413104347
"189","Nevada","ref_2016meteo",3.96252758471786,4.16157432441912,4.23485280391379,-0.272325219195936
"190","New Hampshire","elec_2017",3.38511625364325,3.39655014458599,3.39490218413494,-0.00978593049169474
"191","New Hampshire","nz2050_2017",3.49414083736082,3.50539610101535,3.50357518550561,-0.00943434814478916
"192","New Hampshire","nz_2016meteo",3.74371676204479,3.75311388732459,3.75098322376268,-0.00726646171789502
"193","New Hampshire","nz_equity_2017",3.3755345512691,3.39251861281104,3.39257727232787,-0.0170427210587678
"194","New Hampshire","ref2017",4.29642627473579,4.33931346173283,4.33742021481032,-0.0409939400745278
"195","New Hampshire","ref2050_2017",4.23062174696393,4.25085776408025,4.24835206036829,-0.0177303134043587
"196","New Hampshire","ref_2016meteo",4.57973155751486,4.61978483276688,4.61710943374643,-0.037377876231564
"197","New Jersey","elec_2017",6.11513333014679,5.9050889525518,5.72850207101047,0.386631259136312
"198","New Jersey","nz2050_2017",6.45250472966277,6.21486422246927,6.01718681177638,0.435317917886388
"199","New Jersey","nz_2016meteo",7.21721063783782,6.9755193497713,6.77868454790192,0.438526089935909
"200","New Jersey","nz_equity_2017",5.94470877056435,5.80029946945749,5.70157049001937,0.243138280544973
"201","New Jersey","ref2017",7.62842585428846,7.37664489709569,7.11760063007688,0.510825224211584
"202","New Jersey","ref2050_2017",7.66751826790356,7.37548680250344,7.12958007786972,0.537938190033834
"203","New Jersey","ref_2016meteo",8.52667543520546,8.25520866534688,7.99222277905992,0.534452656145537
"204","New Mexico","elec_2017",3.18905934784483,2.97228130553429,2.98974137946247,0.199317968382359
"205","New Mexico","nz2050_2017",3.22967472662754,3.00959714929102,3.02756217260529,0.202112554022245
"206","New Mexico","nz_2016meteo",3.52289979495076,3.23336491720008,3.25994130847007,0.262958486480687
"207","New Mexico","nz_equity_2017",3.07427898881888,2.89781084015399,2.91286386264202,0.161415126176862
"208","New Mexico","ref2017",3.46925386737301,3.22881026937633,3.25106084937888,0.21819301799413
"209","New Mexico","ref2050_2017",3.41028740026944,3.16664089082056,3.18784036935507,0.222447030914366
"210","New Mexico","ref_2016meteo",3.83125267215368,3.51120012637174,3.54416202004414,0.287090652109542
"211","New York","elec_2017",6.67193657103766,6.02233689664823,5.51601553608405,1.1559210349536
"212","New York","nz2050_2017",7.01655094646406,6.31753119762788,5.76830389318895,1.24824705327511
"213","New York","nz_2016meteo",7.73687527036391,6.91164657763413,6.25217269128366,1.48470257908024
"214","New York","nz_equity_2017",5.92891012106258,5.55245143581361,5.27882912755982,0.650080993502754
"215","New York","ref2017",9.43316792081756,8.11108463569391,7.07686108662237,2.35630683419519
"216","New York","ref2050_2017",8.33126283445804,7.478615579012,6.80284555846664,1.52841727599139
"217","New York","ref_2016meteo",10.2614326997344,8.78840969127866,7.61214338699219,2.6492893127422
"218","North Carolina","elec_2017",5.50945637763975,5.40006965825057,5.33647032332912,0.172986054310634
"219","North Carolina","nz2050_2017",5.71975386821014,5.6053123436664,5.5387788188791,0.180975049331047
"220","North Carolina","nz_2016meteo",6.26516764618511,6.11613976329572,6.03164930913676,0.233518337048346
"221","North Carolina","nz_equity_2017",5.58393378316223,5.51438330581104,5.47063592461728,0.113297858544947
"222","North Carolina","ref2017",6.68757777059239,6.5588336132575,6.47884778475557,0.208729985836813
"223","North Carolina","ref2050_2017",6.39430769393781,6.25689112025061,6.17867620629906,0.215631487638753
"224","North Carolina","ref_2016meteo",7.4189562526303,7.25172567768945,7.15016235917774,0.268793893452557
"225","North Dakota","elec_2017",4.92918450010013,4.63979422481627,4.65037288291792,0.278811617182204
"226","North Dakota","nz2050_2017",5.04224924479011,4.7347122863817,4.74671608335345,0.295533161436663
"227","North Dakota","nz_2016meteo",5.49445835734092,5.18852133586514,5.19823145603382,0.2962269013071
"228","North Dakota","nz_equity_2017",4.97913973558858,4.71098012550011,4.72333297282561,0.255806762762967
"229","North Dakota","ref2017",5.38967869414051,5.0713416212023,5.08670289722711,0.302975796913406
"230","North Dakota","ref2050_2017",5.31830245239272,4.96126017829707,4.97674275453115,0.341559697861567
"231","North Dakota","ref_2016meteo",5.94533100138867,5.61487041066848,5.62773124052906,0.317599760859615
"232","Ohio","elec_2017",6.19215344662554,6.04906181470277,6.01930039829452,0.172853048331025
"233","Ohio","nz2050_2017",6.5038330087026,6.34886316339792,6.31662480356365,0.187208205138949
"234","Ohio","nz_2016meteo",7.07455312730654,6.9272947677904,6.89444496560541,0.180108161701128
"235","Ohio","nz_equity_2017",6.1601564213419,6.16530504572355,6.16329143697473,-0.00313501563282781
"236","Ohio","ref2017",7.93409506318066,7.66707912865371,7.61372490092854,0.320370162252118
"237","Ohio","ref2050_2017",7.54488602388661,7.34851513430479,7.30778952690751,0.237096496979095
"238","Ohio","ref_2016meteo",8.66828074015593,8.41854142931365,8.36587426114044,0.302406479015488
"239","Oklahoma","elec_2017",7.85507592556257,7.80937903325802,7.77386013812034,0.0812157874422281
"240","Oklahoma","nz2050_2017",8.04983922697467,8.00073830153042,7.96396082334844,0.0858784036262277
"241","Oklahoma","nz_2016meteo",7.88465226061954,7.85718116356344,7.8343049758116,0.0503472848079412
"242","Oklahoma","nz_equity_2017",7.95640978165578,7.95594677269893,7.92613165858478,0.0302781230710014
"243","Oklahoma","ref2017",9.30903715433556,9.08619081338498,9.0247786868378,0.284258467497756
"244","Oklahoma","ref2050_2017",8.57022150728324,8.50705625048764,8.46589764513243,0.104323862150808
"245","Oklahoma","ref_2016meteo",9.30169868290007,9.1116806887025,9.06580094811079,0.235897734789281
"246","Oregon","elec_2017",4.12843181932812,3.64887865383375,3.57823464203378,0.55019717729434
"247","Oregon","nz2050_2017",4.23190552919886,3.73512739098551,3.66248459407075,0.569420935128111
"248","Oregon","nz_2016meteo",3.64422756706413,3.03324645193547,2.95862662394672,0.685600943117414
"249","Oregon","nz_equity_2017",3.88159098494252,3.56213645220231,3.50144139052535,0.380149594417162
"250","Oregon","ref2017",5.23080690643521,4.50458789492442,4.40039034306233,0.830416563372874
"251","Oregon","ref2050_2017",4.60955135790297,4.01060057297733,3.92877745080508,0.680773907097896
"252","Oregon","ref_2016meteo",4.61068135910267,3.72298835114141,3.61442074664758,0.996260612455087
"253","Pennsylvania","elec_2017",6.87178816189305,6.04171590583524,5.86444078602568,1.00734737586737
"254","Pennsylvania","nz2050_2017",7.1976661428005,6.31869786255196,6.13091063071227,1.06675551208823
"255","Pennsylvania","nz_2016meteo",7.95220409663738,7.07801856887885,6.878617304438,1.07358679219938
"256","Pennsylvania","nz_equity_2017",6.21424539503288,5.92491257165828,5.8529494398426,0.361295955190271
"257","Pennsylvania","ref2017",8.65735123924669,7.59915156078074,7.37561666853683,1.28173457070986
"258","Pennsylvania","ref2050_2017",8.57409706820586,7.49993892782168,7.26691856074459,1.30717850746127
"259","Pennsylvania","ref_2016meteo",9.59199102096376,8.51449898169756,8.27217144169409,1.31981957926966
"260","Rhode Island","elec_2017",4.63766290179244,4.53084512539218,4.49617228704462,0.141490614747823
"261","Rhode Island","nz2050_2017",4.81609250122053,4.701245274222,4.66389261985253,0.152199881367992
"262","Rhode Island","nz_2016meteo",5.21468338241937,5.07922347762425,5.03455523061203,0.180128151807338
"263","Rhode Island","nz_equity_2017",4.61172662048518,4.59090565967394,4.58380570567724,0.0279209148079476
"264","Rhode Island","ref2017",5.53836966315059,5.42187137706747,5.38386762791827,0.154502035232319
"265","Rhode Island","ref2050_2017",5.88499911432664,5.72919686766373,5.67809824429112,0.206900870035522
"266","Rhode Island","ref_2016meteo",5.99202367985056,5.85110807759564,5.80435212903548,0.187671550815084
"267","South Carolina","elec_2017",5.42808285768198,5.41549163225064,5.41014872909406,0.0179341285879273
"268","South Carolina","nz2050_2017",5.61021580574198,5.59877125422662,5.59391313490732,0.0163026708346568
"269","South Carolina","nz_2016meteo",6.05943651629457,6.01076710194318,5.99197327367046,0.0674632426241111
"270","South Carolina","nz_equity_2017",5.5378054611788,5.53630279269022,5.53794691108831,-0.000141449909509817
"271","South Carolina","ref2017",6.70308469122674,6.78202292957551,6.8082477839319,-0.105163092705157
"272","South Carolina","ref2050_2017",6.15676821206592,6.14504102780072,6.14025417963851,0.0165140324274136
"273","South Carolina","ref_2016meteo",7.36573861516267,7.39372563672196,7.4011860466643,-0.0354474315016313
"274","South Dakota","elec_2017",6.25277903452544,5.50200899189373,5.58551781901701,0.667261215508423
"275","South Dakota","nz2050_2017",6.46062407087021,5.65973810068434,5.74830322343924,0.712320847430973
"276","South Dakota","nz_2016meteo",6.20481218213972,5.4445839196195,5.5405238696022,0.664288312537517
"277","South Dakota","nz_equity_2017",6.4065856351403,5.6506364198437,5.73873916620162,0.667846468938686
"278","South Dakota","ref2017",7.08441784359021,6.14011718061489,6.24130280421852,0.843115039371689
"279","South Dakota","ref2050_2017",6.96238094523031,6.03733932736102,6.1376691661149,0.824711779115407
"280","South Dakota","ref_2016meteo",6.86725424391135,5.97468086378288,6.08389793195855,0.783356311952798
"281","Tennessee","elec_2017",6.50579589869271,6.33625258562247,6.27702153586542,0.228774362827289
"282","Tennessee","nz2050_2017",6.7310361852239,6.57299448449738,6.51549232995888,0.215543855265026
"283","Tennessee","nz_2016meteo",7.82559105659784,7.3747835088121,7.24550951465212,0.580081541945724
"284","Tennessee","nz_equity_2017",6.43579013585264,6.55521411338791,6.56521145559347,-0.129421319740834
"285","Tennessee","ref2017",7.83655261069585,7.45595545171362,7.33961588143148,0.496936729264366
"286","Tennessee","ref2050_2017",7.38076662743091,7.27431945299373,7.22543888169005,0.155327745740868
"287","Tennessee","ref_2016meteo",9.11984054006411,8.43190596815967,8.23954077519965,0.880299764864461
"288","Texas","elec_2017",8.04305067802842,7.38780776557565,7.34935835400432,0.693692324024101
"289","Texas","nz2050_2017",8.22016177556931,7.53827959101524,7.50587989207431,0.714281883495005
"290","Texas","nz_2016meteo",8.73516553892598,7.88853619397963,7.84961012248559,0.885555416440393
"291","Texas","nz_equity_2017",7.81826046620626,7.30067972599911,7.34195900154909,0.476301464657178
"292","Texas","ref2017",8.43908798942671,7.81202071747785,7.84988883293684,0.589199156489869
"293","Texas","ref2050_2017",8.76571013963452,7.98689836514895,7.9595774808365,0.806132658798022
"294","Texas","ref_2016meteo",9.03905777910546,8.2684128153146,8.31829831991654,0.720759459188928
"295","Utah","elec_2017",4.51596507716889,4.15498939222224,4.11400086429801,0.401964212870877
"296","Utah","nz2050_2017",4.63071053625322,4.25774369074008,4.2153928665192,0.415317669734018
"297","Utah","nz_2016meteo",4.36586706998812,3.99725860394776,3.95358812560622,0.412278944381902
"298","Utah","nz_equity_2017",4.38168058597967,4.08448812259457,4.05338690988774,0.328293676091928
"299","Utah","ref2017",4.71698661198488,4.38294012574495,4.34592466777458,0.371061944210302
"300","Utah","ref2050_2017",5.03528803645159,4.59412273641609,4.54334859731112,0.491939439140465
"301","Utah","ref_2016meteo",4.44543223215958,4.11571802372712,4.07725800355921,0.368174228600372
"302","Vermont","elec_2017",3.8442277609151,3.68408278416518,3.67625379307341,0.167973967841692
"303","Vermont","nz2050_2017",3.93666229372485,3.77548866257328,3.76758903165619,0.169073262068656
"304","Vermont","nz_2016meteo",4.27534516330504,4.13158159216186,4.12447205660763,0.150873106697412
"305","Vermont","nz_equity_2017",3.89681832444908,3.7801191408735,3.77391811921335,0.122900205235731
"306","Vermont","ref2017",4.32152917839268,4.14572345289557,4.13731396816793,0.184215210224756
"307","Vermont","ref2050_2017",4.7365257251467,4.51894911547562,4.50865662779603,0.227869097350675
"308","Vermont","ref_2016meteo",4.68070559980469,4.5211120687831,4.51345547678938,0.167250123015308
"309","Virginia","elec_2017",5.23357856075551,5.16869769680948,5.1091575180082,0.12442104274731
"310","Virginia","nz2050_2017",5.46456194076408,5.39461748585014,5.32954884783204,0.135013092932042
"311","Virginia","nz_2016meteo",6.01638351810913,5.98350210325485,5.89080759230973,0.125575925799401
"312","Virginia","nz_equity_2017",5.23558296687704,5.2456128025983,5.2195294084541,0.0160535584229455
"313","Virginia","ref2017",6.96489191298947,6.93977420253973,6.79092209156176,0.173969821427709
"314","Virginia","ref2050_2017",6.20700611522716,6.12075052533539,6.03834743614105,0.168658679086107
"315","Virginia","ref_2016meteo",7.68293234667148,7.74844529361958,7.56599413691144,0.116938209760037
"316","Washington","elec_2017",2.88456400367228,3.14055877647779,3.15353335894101,-0.268969355268732
"317","Washington","nz2050_2017",2.98635457728419,3.24450621491407,3.25755783894766,-0.271203261663465
"318","Washington","nz_2016meteo",2.58139239153213,2.77125690377603,2.77791558510257,-0.196523193570438
"319","Washington","nz_equity_2017",2.61687602420928,3.01857861810233,3.04718280808548,-0.430306783876196
"320","Washington","ref2017",3.71315294649869,3.82470681078283,3.81889737390029,-0.105744427401597
"321","Washington","ref2050_2017",3.33866278969406,3.56403396007756,3.5759637150575,-0.237300925363435
"322","Washington","ref_2016meteo",3.28233845910564,3.31868234029122,3.30598117582974,-0.0236427167241011
"323","West Virginia","elec_2017",4.9953242454381,4.9431729258824,4.93726527489105,0.0580589705470516
"324","West Virginia","nz2050_2017",5.19643460671176,5.14482313427116,5.13876287423698,0.0576717324747804
"325","West Virginia","nz_2016meteo",5.72028808061588,5.61478895301399,5.60410964873394,0.116178431881939
"326","West Virginia","nz_equity_2017",5.1945819945954,5.19884998118253,5.19776301670844,-0.00318102211303284
"327","West Virginia","ref2017",6.48728979481237,6.37994598854292,6.36673428119859,0.120555513613776
"328","West Virginia","ref2050_2017",5.89428206716305,5.83420554082659,5.82652951163273,0.0677525555303147
"329","West Virginia","ref_2016meteo",7.23019787972695,7.03607155159429,7.01526703512341,0.214930844603543
"330","Wisconsin","elec_2017",6.41190312864644,6.04242251565543,5.99296748961077,0.418935639035674
"331","Wisconsin","nz2050_2017",6.71659252161326,6.3213218365989,6.26845522924291,0.448137292370342
"332","Wisconsin","nz_2016meteo",7.24069426137149,6.69395043419481,6.62153202573983,0.61916223563166
"333","Wisconsin","nz_equity_2017",6.2279815999438,6.10473368457936,6.08800625970418,0.13997534023962
"334","Wisconsin","ref2017",8.01143147180491,7.46571938957688,7.39542277376091,0.616008698043995
"335","Wisconsin","ref2050_2017",7.67641060060074,7.17908204547265,7.11312994098809,0.563280659612649
"336","Wisconsin","ref_2016meteo",8.63660390804478,7.88204925497621,7.78523428166875,0.851369626376024
"337","Wyoming","elec_2017",3.3208181159108,3.34702829765515,3.3611526633481,-0.0403345474372987
"338","Wyoming","nz2050_2017",3.37300444844492,3.39511092477662,3.40913446369903,-0.0361300152541135
"339","Wyoming","nz_2016meteo",3.36997849191484,3.3350173432157,3.34615495769262,0.0238235342222239
"340","Wyoming","nz_equity_2017",3.32532861090099,3.39766645461144,3.41418658908736,-0.088857978186371
"341","Wyoming","ref2017",3.51363615821038,3.50246042030752,3.51557381627395,-0.00193765806356261
"342","Wyoming","ref2050_2017",3.51089926365374,3.52223719953551,3.53594379216362,-0.0250445285098797
"343","Wyoming","ref_2016meteo",3.52328740794243,3.45277957495494,3.46266343533012,0.0606239726123108
